StationUID,StationID,AuthorityID,StationName,StationPosition,StationAddress,BikesCapacity,ServiceType,SrcUpdateTime,UpdateTime
TNN501305001,501305001,TNN,"{'Zh_tw': 'YouBike2.0_民生轉運站', 'En': 'YouBike2.0_Minsheng Transfer Station'}","{'PositionLon': 120.18759, 'PositionLat': 22.99781, 'GeoHash': 'wsj6yftgv'}","{'Zh_tw': '民生路二段416號旁', 'En': 'No. 416, Sec. 2, Minsheng Rd.'}",26,2,2023-05-19T14:32:15+08:00,2023-05-19T14:38:36+08:00
TNN501305002,501305002,TNN,"{'Zh_tw': 'YouBike2.0_海安民族', 'En': ""YouBike2.0_Hai'an Minzu Rd. Intersection""}","{'PositionLon': 120.19767, 'PositionLat': 22.99841, 'GeoHash': 'wsj6z4tr2'}","{'Zh_tw': '海安路二段297號前', 'En': ""No. 297, Sec. 2, Hai'an Rd.""}",19,2,2023-05-19T14:10:23+08:00,2023-05-19T14:38:36+08:00
TNN501305003,501305003,TNN,"{'Zh_tw': 'YouBike2.0_海安正興', 'En': ""YouBike2.0_Hai'an Zhengxing St. Intetersection""}","{'PositionLon': 120.19644, 'PositionLat': 22.99461, 'GeoHash': 'wsj6z4h3k'}","{'Zh_tw': '海安路二段90號對側', 'En': ""No. 90, Sec. 2, Hai'an Rd.(Opposite)""}",40,2,2023-05-19T13:50:23+08:00,2023-05-19T14:38:36+08:00
TNN501305004,501305004,TNN,"{'Zh_tw': 'YouBike2.0_赤崁樓', 'En': 'YouBike2.0_Chihkan Tower'}","{'PositionLon': 120.20227, 'PositionLat': 22.99752, 'GeoHash': 'wsj6z68d7'}","{'Zh_tw': '赤嵌街9號(對側人行道)', 'En': 'No. 9, Chikan St.(Opposite)'}",45,2,2023-05-19T14:37:15+08:00,2023-05-19T14:38:36+08:00
TNN501305005,501305005,TNN,"{'Zh_tw': 'YouBike2.0_家庭教育中心', 'En': 'YouBike2.0_Family Education Center'}","{'PositionLon': 120.20639, 'PositionLat': 22.99715, 'GeoHash': 'wsj6z6e85'}","{'Zh_tw': '公園路/公園路175巷(西北側)', 'En': 'Ln. 175, Gongyuan Rd. & Gongyuan Rd. Intersection'}",20,2,2023-05-19T14:29:15+08:00,2023-05-19T14:38:36+08:00
TNN501305006,501305006,TNN,"{'Zh_tw': 'YouBike2.0_小西門公園', 'En': 'YouBike2.0_Xiaoximen Park'}","{'PositionLon': 120.19852, 'PositionLat': 22.9884, 'GeoHash': 'wsj6z0vvh'}","{'Zh_tw': '和意路/永福路一段233巷口(東南側)', 'En': 'Heyi Rd. & Ln. 233, Sec. 1, Yongfu Rd. Intersection(Southeast)'}",40,2,2023-05-19T14:37:15+08:00,2023-05-19T14:38:36+08:00
TNN501305007,501305007,TNN,"{'Zh_tw': 'YouBike2.0_臺南市美術館二館', 'En': 'YouBike2.0_Tainan Art Museum (Building 2)'}","{'PositionLon': 120.20049, 'PositionLat': 22.99013, 'GeoHash': 'wsj6z1pr4'}","{'Zh_tw': '府前路一段與永福路二段口', 'En': 'Sec. 1, Fuqian Rd. & Sec. 2, Yongfu Rd. Intersection'}",25,2,2023-05-19T14:38:05+08:00,2023-05-19T14:38:36+08:00
TNN501305008,501305008,TNN,"{'Zh_tw': 'YouBike2.0_延平郡王祠', 'En': 'YouBike2.0_Koxinga Shrine'}","{'PositionLon': 120.20793, 'PositionLat': 22.98844, 'GeoHash': 'wsj6z2utr'}","{'Zh_tw': '開山路129號(對側人行道)', 'En': 'No. 129, Kaishan Rd.(Opposite)'}",40,2,2023-05-19T14:33:16+08:00,2023-05-19T14:38:36+08:00
TNN501305009,501305009,TNN,"{'Zh_tw': 'YouBike2.0_臺灣文學館', 'En': 'YouBike2.0_National Museum of Taiwan Literature'}","{'PositionLon': 120.20392, 'PositionLat': 22.99111, 'GeoHash': 'wsj6z33uf'}","{'Zh_tw': '友愛街(臺灣文學館後門)', 'En': ""You'ai Stree(National Museum of Taiwan Literature)""}",30,2,2023-05-19T14:37:15+08:00,2023-05-19T14:38:36+08:00
TNN501305013,501305013,TNN,"{'Zh_tw': 'YouBike2.0_頂湖公園', 'En': 'YouBike2.0_Dinghu Park'}","{'PositionLon': 120.18189, 'PositionLat': 23.00385, 'GeoHash': 'wsj6yg9z1'}","{'Zh_tw': '湖美二街/西湖街口', 'En': 'Humei 2nd St. & Xihu St. Intersection'}",20,2,2023-05-19T14:32:15+08:00,2023-05-19T14:38:36+08:00
TNN501305014,501305014,TNN,"{'Zh_tw': 'YouBike2.0_海安民權', 'En': ""YouBike2.0_Hai'an Minquan Rd. Intersection""}","{'PositionLon': 120.19705, 'PositionLat': 22.99671, 'GeoHash': 'wsj6z4kvd'}","{'Zh_tw': '海安路二段193號(對側人行道)', 'En': ""No. 193, Sec. 2, Hai'an Rd.(Opposite)""}",20,2,2023-05-19T14:38:15+08:00,2023-05-19T14:38:36+08:00
TNN501305015,501305015,TNN,"{'Zh_tw': 'YouBike2.0_河樂廣場(金華路)', 'En': 'YouBike2.0_The Spring(Jinhua Rd.)'}","{'PositionLon': 120.19335, 'PositionLat': 22.99374, 'GeoHash': 'wsj6z1fhh'}","{'Zh_tw': '金華路三段/中正路口', 'En': 'Sec. 3, Jinhua Rd. & Zhongzheng Rd. Intersection'}",20,2,2023-05-19T13:26:17+08:00,2023-05-19T14:38:36+08:00
TNN501305016,501305016,TNN,"{'Zh_tw': 'YouBike2.0_萬昌街停車場', 'En': 'YouBike2.0_Wanchang St. Parking Lot'}","{'PositionLon': 120.21043, 'PositionLat': 22.99115, 'GeoHash': 'wsj6z3qt4'}","{'Zh_tw': '萬昌街87號(對側)', 'En': 'No. 87, Wanchang St.(Opposite)'}",16,2,2023-05-19T14:35:16+08:00,2023-05-19T14:38:36+08:00
TNN501305017,501305017,TNN,"{'Zh_tw': 'YouBike2.0_臺南生活美學館(府前路)', 'En': 'YouBike2.0_National Tainan Living Art Center(Fuqian Rd.)'}","{'PositionLon': 120.18871, 'PositionLat': 22.99219, 'GeoHash': 'wsj6ycwep'}","{'Zh_tw': '府前路二段/府前一街口', 'En': 'Sec. 2, Fuqain Rd. & Fuqian 1st St. Intersection(Southwest)'}",20,2,2023-05-19T14:06:17+08:00,2023-05-19T14:38:36+08:00
TNN501305018,501305018,TNN,"{'Zh_tw': 'YouBike2.0_西湖公園', 'En': 'YouBike2.0_Xihu Park'}","{'PositionLon': 120.18458, 'PositionLat': 22.99921, 'GeoHash': 'wsj6yfgsp'}","{'Zh_tw': '民權路四段/頂美二街口', 'En': 'Sec. 4, Minquan Rd. & Dingmei 2nd St. Intersection'}",20,2,2023-05-19T14:03:17+08:00,2023-05-19T14:38:36+08:00
TNN501305019,501305019,TNN,"{'Zh_tw': 'YouBike2.0_河樂廣場(康樂街)', 'En': 'YouBike2.0_The Spring (Kangle St.)'}","{'PositionLon': 120.19438, 'PositionLat': 22.99327, 'GeoHash': 'wsj6z1fcs'}","{'Zh_tw': '中正路347號旁', 'En': 'No. 347, Zhongzheng Rd.'}",25,2,2023-05-19T14:33:16+08:00,2023-05-19T14:38:36+08:00
TNN501306001,501306001,TNN,"{'Zh_tw': 'YouBike2.0_臺南都會公園(文華路)', 'En': 'YouBike2.0_Metropolitan Park-Wenhua Rd.'}","{'PositionLon': 120.22319, 'PositionLat': 22.93732, 'GeoHash': 'wsj6rxxge'}","{'Zh_tw': '臺南都會公園(文華路二段)', 'En': 'Metropolitan Park(Sec. 2, Wenhua Rd.)'}",20,2,2023-05-19T13:07:15+08:00,2023-05-19T14:38:36+08:00
TNN501306002,501306002,TNN,"{'Zh_tw': 'YouBike2.0_臺南都會公園(文賢路)', 'En': 'YouBike2.0_Metropolitan Park-Wenxian Rd.'}","{'PositionLon': 120.22868, 'PositionLat': 22.93625, 'GeoHash': 'wsj6rz7v7'}","{'Zh_tw': '奇美博物館文賢路停車場', 'En': 'Chimei Museum Parking Lot(Wenxian Rd.)'}",20,2,2023-05-19T14:16:17+08:00,2023-05-19T14:38:36+08:00
TNN501306003,501306003,TNN,"{'Zh_tw': 'YouBike2.0_嘉南藥理大學', 'En': 'YouBike2.0_Chia Nan University'}","{'PositionLon': 120.22728, 'PositionLat': 22.92231, 'GeoHash': 'wsj6rufu4'}","{'Zh_tw': '嘉南藥理大學(北三機車停車場)', 'En': 'The 3rd. North Parking Lot of Motocycle, CNU'}",42,2,2023-05-19T14:36:22+08:00,2023-05-19T14:38:36+08:00
TNN501306004,501306004,TNN,"{'Zh_tw': 'YouBike2.0_保安轉運站', 'En': ""YouBike2.0_Bao'an Transfer Station""}","{'PositionLon': 120.2306, 'PositionLat': 22.9328, 'GeoHash': 'wsj6ryv30'}","{'Zh_tw': '保安轉運站公車侯車亭旁 (文賢路一段)', 'En': ""The Bus Stop of Bao'an Transfer Station""}",40,2,2023-05-19T14:37:15+08:00,2023-05-19T14:38:36+08:00
TNN501306007,501306007,TNN,"{'Zh_tw': 'YouBike2.0_衛福部胸腔病院', 'En': 'YouBike2.0_Chest Hospital, MOHW'}","{'PositionLon': 120.24154, 'PositionLat': 22.97435, 'GeoHash': 'wsjd8nm5q'}","{'Zh_tw': '文心路/中山路口(東南側)', 'En': 'Wenxin Rd. & Zhongshan Rd. Intersection(Southeast)'}",20,2,2023-05-19T12:44:15+08:00,2023-05-19T14:38:36+08:00
TNN501309001,501309001,TNN,"{'Zh_tw': 'YouBike2.0_大興公園', 'En': 'YouBike2.0_Daxing Park'}","{'PositionLon': 120.19377, 'PositionLat': 23.01182, 'GeoHash': 'wsj6zj4mt'}","{'Zh_tw': '文賢路/大興街口(西南側)', 'En': 'Wenxian Rd. & Daxing St. Intersection(Southwest)'}",20,2,2023-05-19T14:33:16+08:00,2023-05-19T14:38:36+08:00
TNN501309002,501309002,TNN,"{'Zh_tw': 'YouBike2.0_花園夜市', 'En': 'YouBike2.0_Garden Night Market'}","{'PositionLon': 120.2004, 'PositionLat': 23.01131, 'GeoHash': 'wsj6zjp68'}","{'Zh_tw': '海安路三段/和緯路三段口(西南側)', 'En': ""Sec. 3, Hai'an Rd. & Sec. 3, Hewei Rd.(Southwest)""}",37,2,2023-05-19T14:33:16+08:00,2023-05-19T14:38:36+08:00
TNN501309003,501309003,TNN,"{'Zh_tw': 'YouBike2.0_和順公園', 'En': 'YouBike2.0_Heshun Park'}","{'PositionLon': 120.20059324732941, 'PositionLat': 23.00399733616001, 'GeoHash': 'wsj6z5xru'}","{'Zh_tw': '臨安路二段231號對側', 'En': ""No. 231. Sec. 2, Lin'an Rd.(Opposite)""}",20,2,2023-05-19T14:29:15+08:00,2023-05-19T14:38:36+08:00
TNN501309004,501309004,TNN,"{'Zh_tw': 'YouBike2.0_臺南公園(臺南轉運站)', 'En': 'YouBike2.0_Tainan Park(Tainan Transfer Sta.)'}","{'PositionLon': 120.20932, 'PositionLat': 23.00176, 'GeoHash': 'wsj6z7mfb'}","{'Zh_tw': '公園路/公園南路口(東北側)', 'En': 'Gongyuan & Gongyuan S. Rd.(Northeast)'}",40,2,2023-05-19T14:35:16+08:00,2023-05-19T14:38:36+08:00
TNN501309005,501309005,TNN,"{'Zh_tw': 'YouBike2.0_臺南二中', 'En': 'YouBike2.0_Tainan Second Senior High School'}","{'PositionLon': 120.21322, 'PositionLat': 23.00397, 'GeoHash': 'wsj6ze8xg'}","{'Zh_tw': '公園北路3號(東北側)', 'En': 'No. 3, Gongyuan N. Rd.(Northeast)'}",36,2,2023-05-19T14:38:15+08:00,2023-05-19T14:38:36+08:00
TNN501309006,501309006,TNN,"{'Zh_tw': 'YouBike2.0_成大醫院(小東路)', 'En': 'YouBike2.0_Cheng Kung University Hospital ( Xiaodong Rd. ))'}","{'PositionLon': 120.21824, 'PositionLat': 23.00108, 'GeoHash': 'wsj6zehr0'}","{'Zh_tw': '小東路35號前', 'En': 'No. 35, Xiaodong Rd.'}",30,2,2023-05-19T14:36:22+08:00,2023-05-19T14:38:36+08:00
TNN501309007,501309007,TNN,"{'Zh_tw': 'YouBike2.0_海安成功', 'En': ""YouBike2.0_Hai'an Chenggong Rd. Intersection""}","{'PositionLon': 120.19879, 'PositionLat': 23.00088, 'GeoHash': 'wsj6z5njf'}","{'Zh_tw': '海安路三段17號前', 'En': ""No. 17, Sec. 3, Hai'an Rd.""}",15,2,2023-05-19T14:21:18+08:00,2023-05-19T14:38:36+08:00
TNN501309008,501309008,TNN,"{'Zh_tw': 'YouBike2.0_福德公園', 'En': 'YouBike2.0_Fude Park'}","{'PositionLon': 120.20197, 'PositionLat': 23.01282, 'GeoHash': 'wsj6zm27k'}","{'Zh_tw': '文成路/育德三街口', 'En': 'Wencheng Rd. & Yude 3rd Rd. Intersection'}",15,2,2023-05-19T13:53:16+08:00,2023-05-19T14:38:36+08:00
TNN501309009,501309009,TNN,"{'Zh_tw': 'YouBike2.0_延平國中', 'En': 'YouBike2.0_Yanping Junior High School'}","{'PositionLon': 120.21164, 'PositionLat': 23.01028, 'GeoHash': 'wsj6zkzkw'}","{'Zh_tw': '和緯路一段/長榮路五段401巷口', 'En': 'Sec. 1, Hewei Rd. & Ln. 401, Sec. 5, Changrong Rd. Intersection'}",21,2,2023-05-19T14:21:18+08:00,2023-05-19T14:38:36+08:00
TNN501309010,501309010,TNN,"{'Zh_tw': 'YouBike2.0_光武公園', 'En': 'YouBike2.0_Guangwu Park'}","{'PositionLon': 120.21663, 'PositionLat': 23.01205, 'GeoHash': 'wsj6zt5nf'}","{'Zh_tw': '北門路二段591號', 'En': 'No. 591, Sec. 2, Beimen Rd.'}",20,2,2023-05-19T14:38:15+08:00,2023-05-19T14:38:36+08:00
TNN501309011,501309011,TNN,"{'Zh_tw': 'YouBike2.0_成大醫院(東豐路)', 'En': 'YouBike2.0_Medicine and Nursing Department'}","{'PositionLon': 120.21734, 'PositionLat': 23.00328, 'GeoHash': 'wsj6zeeeg'}","{'Zh_tw': '東豐路166號前', 'En': 'No. 166, Dongfeng Rd.'}",19,2,2023-05-19T14:22:15+08:00,2023-05-19T14:38:36+08:00
TNN501309013,501309013,TNN,"{'Zh_tw': 'YouBike2.0_開元振興公園', 'En': 'YouBike2.0_Kaiyuan Zhenxing Park'}","{'PositionLon': 120.2242, 'PositionLat': 23.00665, 'GeoHash': 'wsj6zu0x6'}","{'Zh_tw': '開南街60號', 'En': 'No. 60, Kainan Rd.'}",20,2,2023-05-19T14:33:16+08:00,2023-05-19T14:38:36+08:00
TNN501309018,501309018,TNN,"{'Zh_tw': 'YouBike2.0_立德公園', 'En': 'YouBike2.0_Lide Park'}","{'PositionLon': 120.20561, 'PositionLat': 23.00958, 'GeoHash': 'wsj6zkg09'}","{'Zh_tw': '立賢路一段/育德路口', 'En': 'Sec. 1, Lixian Rd. & Yude Rd. Intersection'}",20,2,2023-05-19T14:22:15+08:00,2023-05-19T14:38:36+08:00
TNN501309020,501309020,TNN,"{'Zh_tw': 'YouBike2.0_孝德公園', 'En': 'YouBike2.0_Xiaode Park'}","{'PositionLon': 120.20152, 'PositionLat': 23.01631, 'GeoHash': 'wsj6zmbpd'}","{'Zh_tw': '育德二路421巷26號', 'En': 'No. 26, Ln. 421, Yude 2nd Rd.'}",20,2,2023-05-19T13:25:17+08:00,2023-05-19T14:38:36+08:00
TNN501309021,501309021,TNN,"{'Zh_tw': 'YouBike2.0_勝安香草運動公園', 'En': ""YouBike2.0_Sheng'an Vanilla Sport Park""}","{'PositionLon': 120.21618, 'PositionLat': 23.00594, 'GeoHash': 'wsj6zs4g2'}","{'Zh_tw': '開元路/前鋒路口', 'En': 'Kaiyuan Rd. & Qianfeng Rd. Intersection'}",20,2,2023-05-19T14:12:05+08:00,2023-05-19T14:38:36+08:00
TNN501309023,501309023,TNN,"{'Zh_tw': 'YouBike2.0_育北公園', 'En': 'YouBike2.0_Yubei Park'}","{'PositionLon': 120.20136, 'PositionLat': 23.01973, 'GeoHash': 'wsj6znxgw'}","{'Zh_tw': '育德二路786號(對側人行道)', 'En': 'No. 786, Yude 2nd Rd.(Opposite)'}",20,2,2023-05-19T14:14:15+08:00,2023-05-19T14:38:36+08:00
TNN501309025,501309025,TNN,"{'Zh_tw': 'YouBike2.0_小東公園', 'En': 'YouBike2.0_Xiaodong Park'}","{'PositionLon': 120.22511, 'PositionLat': 23.00064, 'GeoHash': 'wsj6zg1k2'}","{'Zh_tw': '小東路57號東側', 'En': 'Xiaodong Rd. & Sec. 3, Linsen Rd.(Northeast)'}",20,2,2023-05-19T14:33:16+08:00,2023-05-19T14:38:36+08:00
TNN501309027,501309027,TNN,"{'Zh_tw': 'YouBike2.0_北安公園', 'En': ""YouBike2.0_Bei'an Park""}","{'PositionLon': 120.20931, 'PositionLat': 23.01736, 'GeoHash': 'wsj6zqjtz'}","{'Zh_tw': '北安路一段142號', 'En': ""No. 142, Sec. 1, Bei'an Rd.""}",19,2,2023-05-19T14:25:17+08:00,2023-05-19T14:38:36+08:00
TNN501309028,501309028,TNN,"{'Zh_tw': 'YouBike2.0_成德公園', 'En': 'YouBike2.0_Chengde Park'}","{'PositionLon': 120.20666, 'PositionLat': 23.01415, 'GeoHash': 'wsj6zmeg4'}","{'Zh_tw': '育德路500號', 'En': 'No. 500, Yude Rd.'}",20,2,2023-05-19T13:48:16+08:00,2023-05-19T14:38:36+08:00
TNN501311001,501311001,TNN,"{'Zh_tw': 'YouBike2.0_永康車站', 'En': 'YouBike2.0_Yongkang Sta.'}","{'PositionLon': 120.2541311, 'PositionLat': 23.03861526, 'GeoHash': 'wsje06n3s'}","{'Zh_tw': '中山路536巷內', 'En': 'Ln. 536, Zhongshan Rd.'}",30,2,2023-05-19T13:59:15+08:00,2023-05-19T14:38:36+08:00
TNN501311002,501311002,TNN,"{'Zh_tw': 'YouBike2.0_臺南市立圖書館', 'En': 'YouBike2.0_Tainan Public Library'}","{'PositionLon': 120.23797, 'PositionLat': 23.02506, 'GeoHash': 'wsjdbpdde'}","{'Zh_tw': '康橋大道255號', 'En': 'No. 255, Kangciao Blvd.'}",25,2,2023-05-19T14:30:41+08:00,2023-05-19T14:38:36+08:00
TNN501311004,501311004,TNN,"{'Zh_tw': 'YouBike2.0_南大附中', 'En': 'YouBike2.0_The Affiliated Senior High School of National University of Tainan'}","{'PositionLon': 120.2528907, 'PositionLat': 23.0237809, 'GeoHash': 'wsjdbrm7p'}","{'Zh_tw': '中山南路948號', 'En': 'No. 948, Zhongshan S. Rd.'}",25,2,2023-05-19T14:21:18+08:00,2023-05-19T14:38:36+08:00
TNN501311005,501311005,TNN,"{'Zh_tw': 'YouBike2.0_小橋公園', 'En': 'YouBike2.0_Xiaoqiao Park'}","{'PositionLon': 120.2336, 'PositionLat': 23.02246, 'GeoHash': 'wsj6zzp7t'}","{'Zh_tw': '東橋十街3號南側', 'En': 'No. 3, Dongqiao 10th St.(South)'}",20,2,2023-05-19T13:08:16+08:00,2023-05-19T14:38:36+08:00
TNN501311008,501311008,TNN,"{'Zh_tw': 'YouBike2.0_龍中公園', 'En': 'YouBike2.0_Longzhong Park'}","{'PositionLon': 120.2606, 'PositionLat': 23.0385, 'GeoHash': 'wsje0d50g'}","{'Zh_tw': '永大路三段618巷/八德街88巷口', 'En': 'Ln. 618, Sec. 3, Yongda De. & Ln. 88, Bade St. Intersection'}",20,2,2023-05-19T14:04:15+08:00,2023-05-19T14:38:36+08:00
TNN501311016,501311016,TNN,"{'Zh_tw': 'YouBike2.0_奇美醫院(中華路)', 'En': 'YouBike2.0_Chi Mei Medical Center(Zhonghua Rd.)'}","{'PositionLon': 120.2223, 'PositionLat': 23.02082, 'GeoHash': 'wsj6zwz1y'}","{'Zh_tw': '中華路901號', 'En': 'No. 901, Zhonghua Rd.'}",27,2,2023-05-19T12:17:18+08:00,2023-05-19T14:38:36+08:00
TNN501311020,501311020,TNN,"{'Zh_tw': 'YouBike2.0_大橋三街(活動中心)', 'En': 'YouBike2.0_Daqiao 3rd St.(Activity Center)'}","{'PositionLon': 120.22876, 'PositionLat': 23.02054, 'GeoHash': 'wsj6zygbm'}","{'Zh_tw': '大橋三街230號南側', 'En': 'No. 230, Daqiao 3rd St.(South)'}",20,2,2023-05-19T14:25:17+08:00,2023-05-19T14:38:36+08:00
TNN501314001,501314001,TNN,"{'Zh_tw': 'YouBike2.0_水景公園', 'En': 'YouBike2.0_Shuijing Park'}","{'PositionLon': 120.1581, 'PositionLat': 23.00202, 'GeoHash': 'wsj6y72kq'}","{'Zh_tw': '安北路與安平路850巷路口', 'En': 'Anbei Rd. & Ln. 850, Anping Rd. Intersection'}",24,2,2023-05-19T13:12:16+08:00,2023-05-19T14:38:36+08:00
TNN501314002,501314002,TNN,"{'Zh_tw': 'YouBike2.0_安平遊憩碼頭', 'En': 'YouBike2.0_Anping Recreational Wharf'}","{'PositionLon': 120.16055, 'PositionLat': 22.99757, 'GeoHash': 'wsj6y6d4x'}","{'Zh_tw': '運河路55號對側', 'En': 'No. 55, Yunhe Rd.(Opposite)'}",25,2,2023-05-19T12:32:15+08:00,2023-05-19T14:38:36+08:00
TNN501314003,501314003,TNN,"{'Zh_tw': 'YouBike2.0_安億停車場', 'En': 'YouBike2.0_Anyi Parking Lot'}","{'PositionLon': 120.16381, 'PositionLat': 22.99667, 'GeoHash': 'wsj6y6kt7'}","{'Zh_tw': '安億路(安億停車場旁)', 'En': 'Anyi Rd.(Anyi Parking Lot)'}",25,2,2023-05-19T14:07:15+08:00,2023-05-19T14:38:36+08:00
TNN501314004,501314004,TNN,"{'Zh_tw': 'YouBike2.0_安平區公所', 'En': 'YouBike2.0_Anping District Office'}","{'PositionLon': 120.16768, 'PositionLat': 22.99437, 'GeoHash': 'wsj6y3zrv'}","{'Zh_tw': '育平路與育平八街(東南側人行道)', 'En': 'Yuping Rd. & Yuping 8th St.(Southeast)'}",20,2,2023-05-19T14:29:15+08:00,2023-05-19T14:38:36+08:00
TNN501314005,501314005,TNN,"{'Zh_tw': 'YouBike2.0_運河公園', 'En': 'YouBike2.0_Canal Park'}","{'PositionLon': 120.17677, 'PositionLat': 22.99737, 'GeoHash': 'wsj6ydw13'}","{'Zh_tw': '建平十七街及華平路口', 'En': 'Jianping 17th St. & Huaping Rd. Intersection'}",25,2,2023-05-19T14:21:18+08:00,2023-05-19T14:38:36+08:00
TNN501314006,501314006,TNN,"{'Zh_tw': 'YouBike2.0_臺南市政府(永華中心)', 'En': 'YouBike2.0_Tainan City Government (Yonghua Center)'}","{'PositionLon': 120.18457, 'PositionLat': 22.99301, 'GeoHash': 'wsj6ycexz'}","{'Zh_tw': '府前路二段與府前四街(西南側人行道)', 'En': 'Sec. 2, Fuqian Rd. & Fuqain 4th St.(Southwest)'}",20,2,2023-05-19T14:12:16+08:00,2023-05-19T14:38:36+08:00
TNN501314007,501314007,TNN,"{'Zh_tw': 'YouBike2.0_臺南市議會', 'En': 'YouBike2.0_Tainan City Council'}","{'PositionLon': 120.18674, 'PositionLat': 22.98923, 'GeoHash': 'wsj6ycj3f'}","{'Zh_tw': '永華路二段/中華西路二段口(東北側)', 'En': 'Sec. 2, Yonghua Rd. & Sec. 2, Zhonghua W. Rd. Intersection(Northeast)'}",26,2,2023-05-19T14:15:17+08:00,2023-05-19T14:38:36+08:00
TNN501314008,501314008,TNN,"{'Zh_tw': 'YouBike2.0_林默娘公園', 'En': 'YouBike2.0_Lin Mo-Niang Park'}","{'PositionLon': 120.15681, 'PositionLat': 22.99291, 'GeoHash': 'wsj6y1xx2'}","{'Zh_tw': '安億路(林默娘公園停車場旁)', 'En': 'Anyi Rd. (Lin Mo-Niang Park Parking Lot)'}",20,2,2023-05-19T14:01:03+08:00,2023-05-19T14:38:36+08:00
TNN501314009,501314009,TNN,"{'Zh_tw': 'YouBike2.0_億載金城', 'En': 'YouBike2.0_Eternal Golden Castle'}","{'PositionLon': 120.16009, 'PositionLat': 22.98877, 'GeoHash': 'wsj6y2czm'}","{'Zh_tw': '光州路與光州五街路口(億載金城侯車亭旁)', 'En': 'Guangzhou Rd. & Guangzhou 5th St. Intersecrtion'}",20,2,2023-05-19T14:19:15+08:00,2023-05-19T14:38:36+08:00
TNN501314010,501314010,TNN,"{'Zh_tw': 'YouBike2.0_漁光島', 'En': 'YouBike2.0_Yuguang Island'}","{'PositionLon': 120.15642, 'PositionLat': 22.98143, 'GeoHash': 'wsj6wpxhx'}","{'Zh_tw': '健康路三段/漁光路(西南側)', 'En': 'Sec. 3, Jiankang Rd. & Yuguang Rd. Intersection'}",40,2,2023-05-19T13:17:33+08:00,2023-05-19T14:38:36+08:00
TNN501314011,501314011,TNN,"{'Zh_tw': 'YouBike2.0_西門實小', 'En': 'YouBike2.0_Ximen Experiment Elementary School'}","{'PositionLon': 120.16089, 'PositionLat': 23.00301, 'GeoHash': 'wsj6y7d6p'}","{'Zh_tw': '古堡街87號旁', 'En': 'No. 87, Gubao St.'}",18,2,2023-05-19T14:11:16+08:00,2023-05-19T14:38:36+08:00
TNN501314012,501314012,TNN,"{'Zh_tw': 'YouBike2.0_臺南地政事務所', 'En': 'YouBike2.0_Tainan Land Office'}","{'PositionLon': 120.18283, 'PositionLat': 22.99055, 'GeoHash': 'wsj6yc63w'}","{'Zh_tw': '建平路321號對側公園', 'En': 'No. 321, Jianping Rd.(Opposite)'}",20,2,2023-05-19T14:15:17+08:00,2023-05-19T14:38:36+08:00
TNN501314013,501314013,TNN,"{'Zh_tw': 'YouBike2.0_漁光島停車場', 'En': 'YouBike2.0_Yuguang Island Parking Lot'}","{'PositionLon': 120.15221, 'PositionLat': 22.98634, 'GeoHash': 'wsj6y0s1j'}","{'Zh_tw': '漁光路停車場(對側人行道)', 'En': 'Yuguang Island Parking Lot(Opposite)'}",15,2,2023-05-19T12:50:23+08:00,2023-05-19T14:38:36+08:00
TNN501314014,501314014,TNN,"{'Zh_tw': 'YouBike2.0_億載公園', 'En': 'YouBike2.0_Eternal Golden Castle Park'}","{'PositionLon': 120.15929, 'PositionLat': 22.99138, 'GeoHash': 'wsj6y33q6'}","{'Zh_tw': '光州永華路二段停車場', 'En': 'Guangzhou Rd. & Sec. 2, Yonghua Rd. Intersection'}",15,2,2023-05-19T08:48:15+08:00,2023-05-19T14:38:36+08:00
TNN501314018,501314018,TNN,"{'Zh_tw': 'YouBike2.0_安平中華西', 'En': 'YouBike2.0_Anping Zhonghua W. Rd. Intersection'}","{'PositionLon': 120.18482, 'PositionLat': 22.99801, 'GeoHash': 'wsj6yfevj'}","{'Zh_tw': '安平路70號(對側人行道)', 'En': ""No. 70, An'ping Rd.(Opposite)""}",19,2,2023-05-19T07:43:16+08:00,2023-05-19T14:38:36+08:00
TNN501314019,501314019,TNN,"{'Zh_tw': 'YouBike2.0_永華文平', 'En': 'YouBike2.0_Yonghua Wenping Rd. Intersection'}","{'PositionLon': 120.17875, 'PositionLat': 22.98996, 'GeoHash': 'wsj6y9pqp'}","{'Zh_tw': '永華路二段399號前', 'En': 'No. 399, Sec. 2, Yonghua Rd.'}",21,2,2023-05-19T14:23:16+08:00,2023-05-19T14:38:36+08:00
TNN501314020,501314020,TNN,"{'Zh_tw': 'YouBike2.0_金城國中', 'En': 'YouBike2.0_Tainan Municipal Jincheng Junior High School'}","{'PositionLon': 120.17961, 'PositionLat': 22.99328, 'GeoHash': 'wsj6ycb1e'}","{'Zh_tw': '怡平路140巷口', 'En': 'Ln. 140, Yiping Rd.'}",20,2,2023-05-19T14:15:06+08:00,2023-05-19T14:38:36+08:00
TNN501314021,501314021,TNN,"{'Zh_tw': 'YouBike2.0_怡平公園', 'En': 'YouBike2.0_Yiping Park'}","{'PositionLon': 120.1767, 'PositionLat': 22.99286, 'GeoHash': 'wsj6y9wp0'}","{'Zh_tw': '平通路/永華六街口(西南側)', 'En': 'Pingtong Rd. & Yonghua 6th St. Intersection(Southwest)'}",20,2,2023-05-19T14:27:16+08:00,2023-05-19T14:38:36+08:00
TNN501314022,501314022,TNN,"{'Zh_tw': 'YouBike2.0_永華國平', 'En': 'YouBike2.0_Yonghua Guoping Rd. Intersection'}","{'PositionLon': 120.17097, 'PositionLat': 22.99101, 'GeoHash': 'wsj6y93u6'}","{'Zh_tw': '永華路二段/國平路口(西南側)', 'En': 'Sec. 2, Yonghua Rd. & Guoping Rd. Intersection'}",20,2,2023-05-19T14:29:15+08:00,2023-05-19T14:38:36+08:00
TNN501314023,501314023,TNN,"{'Zh_tw': 'YouBike2.0_健康國平西', 'En': 'YouBike2.0_Jiankang Guoping W. Rd. Intersection'}","{'PositionLon': 120.16984, 'PositionLat': 22.9843, 'GeoHash': 'wsj6y81j2'}","{'Zh_tw': '健康路三段326號對側', 'En': 'No. 326, Sec. 3, Jiankang Rd.(Opposite)'}",27,2,2023-05-19T14:14:15+08:00,2023-05-19T14:38:36+08:00
TNN501314024,501314024,TNN,"{'Zh_tw': 'YouBike2.0_台南大員皇冠假日酒店', 'En': 'YouBike2.0_Crowne Plaza Tainan, AN IHG Hotel'}","{'PositionLon': 120.15029, 'PositionLat': 22.99879, 'GeoHash': 'wsj6y4fc8'}","{'Zh_tw': '安北路/州平二街口(西北側)', 'En': 'Anbei Rd. & Zhouping 2nd St. Intersection(Northwest)'}",21,2,2023-05-19T13:03:05+08:00,2023-05-19T14:38:36+08:00
TNN501316001,501316001,TNN,"{'Zh_tw': 'YouBike2.0_臺灣歷史博物館', 'En': 'YouBike2.0_National Museum Of Taiwan History'}","{'PositionLon': 120.23282, 'PositionLat': 23.05829, 'GeoHash': 'wsj7pvwu7'}","{'Zh_tw': '長和路一段250號', 'En': 'Sec. 1, Changhe Rd. & Guanqian 1st Rd. Intersection'}",20,2,2023-05-19T06:32:15+08:00,2023-05-19T14:38:36+08:00
TNN501316002,501316002,TNN,"{'Zh_tw': 'YouBike2.0_台江文化中心', 'En': 'YouBike2.0_Taikang Cultural Center'}","{'PositionLon': 120.18795, 'PositionLat': 23.04617, 'GeoHash': 'wsj7ngqjw'}","{'Zh_tw': '安中路二段136號(對側人行道)', 'En': 'No. 136, Sec. 2, Anzhong Rd.(Opposite)'}",25,2,2023-05-19T13:14:20+08:00,2023-05-19T14:38:36+08:00
TNN501316003,501316003,TNN,"{'Zh_tw': 'YouBike2.0_台江國家公園遊客中心', 'En': 'YouBike2.0_Taijiang National Park Headquarters'}","{'PositionLon': 120.13935, 'PositionLat': 23.00254, 'GeoHash': 'wsj6vg6z9'}","{'Zh_tw': '四草大道118號東側', 'En': 'No. 118, Shichao Blvd.(East)'}",20,2,2023-05-19T14:38:05+08:00,2023-05-19T14:38:36+08:00
TNN501316004,501316004,TNN,"{'Zh_tw': 'YouBike2.0_四草綠色隧道', 'En': 'YouBike2.0_Sicao Mangrove Green Tunnel'}","{'PositionLon': 120.13589, 'PositionLat': 23.01927, 'GeoHash': 'wsj6vy82c'}","{'Zh_tw': '大眾路360號南側', 'En': 'No. 360, Dazhong Rd.(South)'}",20,2,2023-05-19T13:48:16+08:00,2023-05-19T14:38:36+08:00
TNN501316006,501316006,TNN,"{'Zh_tw': 'YouBike2.0_媽祖宮公園', 'En': 'YouBike2.0_Luermen Matsu Temple Park'}","{'PositionLon': 120.12509, 'PositionLat': 23.0366, 'GeoHash': 'wsj7j98mv'}","{'Zh_tw': '媽祖宮一街136號東南側', 'En': 'No. 136, Mazugong 1st St.(Southeast)'}",20,2,2023-05-17T13:11:05+08:00,2023-05-19T14:38:36+08:00
TNN501319001,501319001,TNN,"{'Zh_tw': 'YouBike2.0_葫蘆埤自然公園', 'En': 'YouBike2.0_Hulupi Natural Park'}","{'PositionLon': 120.29699, 'PositionLat': 23.19837, 'GeoHash': 'wsjecrjs7'}","{'Zh_tw': '中山路二段207號', 'En': 'No. 207, Sec.2, Zhongshan Rd.'}",20,2,2023-05-19T14:34:15+08:00,2023-05-19T14:38:36+08:00
TNN501321002,501321002,TNN,"{'Zh_tw': 'YouBike2.0_平實公園', 'En': 'YouBike2.0_Pingshi Park'}","{'PositionLon': 120.23606, 'PositionLat': 22.99833, 'GeoHash': 'wsjdb49nz'}","{'Zh_tw': '小東路513號南側', 'En': 'No. 513, Xiaodong Rd.(South)'}",21,2,2023-05-19T14:37:05+08:00,2023-05-19T14:38:36+08:00
TNN501321003,501321003,TNN,"{'Zh_tw': 'YouBike2.0_成大公園', 'En': 'YouBike2.0_Chengda Park'}","{'PositionLon': 120.21491, 'PositionLat': 22.99653, 'GeoHash': 'wsj6zd3u6'}","{'Zh_tw': '育樂街88號旁', 'En': 'No. 88, Yule St.'}",62,2,2023-05-19T14:38:15+08:00,2023-05-19T14:38:36+08:00
TNN501321004,501321004,TNN,"{'Zh_tw': 'YouBike2.0_成大會館', 'En': 'YouBike2.0_Zenda Suites'}","{'PositionLon': 120.21822, 'PositionLat': 22.99614, 'GeoHash': 'wsj6zdk4p'}","{'Zh_tw': '勝利路/大學路口(東南側)', 'En': 'Shenli Rd./Daxue Rd.'}",30,2,2023-05-19T14:33:16+08:00,2023-05-19T14:38:36+08:00
TNN501321005,501321005,TNN,"{'Zh_tw': 'YouBike2.0_馬雅各青年公園', 'En': 'YouBike2.0_James Laidlaw Maxwell Qingnian Park'}","{'PositionLon': 120.21502, 'PositionLat': 22.99139, 'GeoHash': 'wsj6z93ys'}","{'Zh_tw': '青年路360號(對側人行道)', 'En': 'No. 360, Qingnian Rd.(Opposite)'}",30,2,2023-05-19T14:38:15+08:00,2023-05-19T14:38:36+08:00
TNN501321006,501321006,TNN,"{'Zh_tw': 'YouBike2.0_東寧運動公園', 'En': 'YouBike2.0_Dongning  Park'}","{'PositionLon': 120.22462, 'PositionLat': 22.99114, 'GeoHash': 'wsj6zc2vh'}","{'Zh_tw': '東寧路220號北側', 'En': 'No. 220, Dongning Rd.(North)'}",20,2,2023-05-19T14:38:15+08:00,2023-05-19T14:38:36+08:00
TNN501321007,501321007,TNN,"{'Zh_tw': 'YouBike2.0_衛生局(林森辦公室)', 'En': 'YouBike2.0_Public Health Bureau (Linsen Office)'}","{'PositionLon': 120.22246, 'PositionLat': 22.98537, 'GeoHash': 'wsj6z8r76'}","{'Zh_tw': '林森路一段418號旁', 'En': 'No. 418, Sec. 1, linsen Rd.'}",20,2,2023-05-19T14:32:15+08:00,2023-05-19T14:38:36+08:00
TNN501321008,501321008,TNN,"{'Zh_tw': 'YouBike2.0_時代公園', 'En': 'YouBike2.0_Dongning Yunong Rd. Intersection'}","{'PositionLon': 120.23116, 'PositionLat': 22.98929, 'GeoHash': 'wsj6zcjdm'}","{'Zh_tw': '東寧路520號北側', 'En': 'No. 520, Dongning Rd.(North)'}",20,2,2023-05-19T14:38:15+08:00,2023-05-19T14:38:36+08:00
TNN501321009,501321009,TNN,"{'Zh_tw': 'YouBike2.0_虎尾寮市場', 'En': 'YouBike2.0_Hu-Wei-Liao Market'}","{'PositionLon': 120.2409, 'PositionLat': 22.98509, 'GeoHash': 'wsjdb0kcb'}","{'Zh_tw': '裕平路/裕和二街(西北側)', 'En': 'Yuping Rd. & Yuhe 2nd St.(Northwest)'}",22,2,2023-05-19T14:21:18+08:00,2023-05-19T14:38:36+08:00
TNN501321010,501321010,TNN,"{'Zh_tw': 'YouBike2.0_裕文圖書館', 'En': 'YouBike2.0_Yuwen Branch Library'}","{'PositionLon': 120.24588, 'PositionLat': 22.98218, 'GeoHash': 'wsjd8rb2u'}","{'Zh_tw': '裕文路301號(對側人行道)', 'En': 'No. 301, Yuwen Rd.(Opposite)'}",24,2,2023-05-19T13:56:17+08:00,2023-05-19T14:38:36+08:00
TNN501321011,501321011,TNN,"{'Zh_tw': 'YouBike2.0_德光公園', 'En': 'YouBike2.0_Deguang Park'}","{'PositionLon': 120.21934, 'PositionLat': 22.97976, 'GeoHash': 'wsj6xxm4c'}","{'Zh_tw': '崇德路111號', 'En': 'No. 111, Chongde Rd.'}",20,2,2023-05-19T14:33:16+08:00,2023-05-19T14:38:36+08:00
TNN501321012,501321012,TNN,"{'Zh_tw': 'YouBike2.0_和平公園', 'En': 'YouBike2.0_Heping Park'}","{'PositionLon': 120.23231, 'PositionLat': 22.97705, 'GeoHash': 'wsj6xyy7p'}","{'Zh_tw': '文化路100號前', 'En': 'No. 100, Wenhua Rd.'}",15,2,2023-05-19T14:16:17+08:00,2023-05-19T14:38:36+08:00
TNN501321014,501321014,TNN,"{'Zh_tw': 'YouBike2.0_崇明路停E6', 'En': 'YouBike2.0_Chongming Rd. E6 Parking Lot'}","{'PositionLon': 120.22558, 'PositionLat': 22.96897, 'GeoHash': 'wsj6xv3eg'}","{'Zh_tw': '崇明路/崇明二十街(西南側)', 'En': 'Chongmin Rd. & Chongmin 20th St.(Southwest)'}",25,2,2023-05-19T14:37:15+08:00,2023-05-19T14:38:36+08:00
TNN501321015,501321015,TNN,"{'Zh_tw': 'YouBike2.0_臺南監理站', 'En': 'YouBike2.0_Tainan Station, Chiayi Motor Vehicles Office'}","{'PositionLon': 120.21782, 'PositionLat': 22.98139, 'GeoHash': 'wsj6xxeuq'}","{'Zh_tw': '崇德路1號前', 'En': 'No. 1, Chongde Rd.'}",18,2,2023-04-10T10:47:04+08:00,2023-05-19T14:38:36+08:00
TNN501321016,501321016,TNN,"{'Zh_tw': 'YouBike2.0_車鑑會', 'En': 'YouBike2.0_Tainan City Traffic Accident Investigation Committee'}","{'PositionLon': 120.21946, 'PositionLat': 22.98372, 'GeoHash': 'wsj6z8j1u'}","{'Zh_tw': '府連東路/林森路一段口(西北側)', 'En': 'Fulian E. Rd. & Sec. 1, Linsen Rd.(Northwest)'}",20,2,2023-05-19T14:23:04+08:00,2023-05-19T14:38:36+08:00
TNN501321017,501321017,TNN,"{'Zh_tw': 'YouBike2.0_大學路停車場', 'En': 'YouBike2.0_Daxue Rd. Parking Lot'}","{'PositionLon': 120.2158, 'PositionLat': 22.99657, 'GeoHash': 'wsj6zd6kx'}","{'Zh_tw': '大學路西段/育樂街66巷口', 'En': 'Daxue Rd. W. & Ln. 66, Yule St. Intersection'}",19,2,2023-05-19T14:34:15+08:00,2023-05-19T14:38:36+08:00
TNN501321018,501321018,TNN,"{'Zh_tw': 'YouBike2.0_臺南一中', 'En': 'YouBike2.0_Tannan First Senior High School'}","{'PositionLon': 120.21789, 'PositionLat': 22.99271, 'GeoHash': 'wsj6z9eyp'}","{'Zh_tw': '勝利路/東寧路口(東北側)', 'En': 'Shengli Rd. & Dongning Rd. Intersection(Northeast)'}",24,2,2023-05-19T14:35:05+08:00,2023-05-19T14:38:36+08:00
TNN501321019,501321019,TNN,"{'Zh_tw': 'YouBike2.0_忠孝國中(崇仁龍山)', 'En': 'YouBike2.0_Jhongsiao Junior High School(Chongren Longshan St. Intersection)'}","{'PositionLon': 120.22339, 'PositionLat': 22.98396, 'GeoHash': 'wsj6zb052'}","{'Zh_tw': '崇仁街72號前', 'En': 'No. 72, Chongren St.'}",14,2,2023-05-19T13:57:05+08:00,2023-05-19T14:38:36+08:00
TNN501321020,501321020,TNN,"{'Zh_tw': 'YouBike2.0_文化公園', 'En': 'YouBike2.0_Wenhua Park'}","{'PositionLon': 120.23104, 'PositionLat': 22.977899999999998, 'GeoHash': 'wsj6xyvxf'}","{'Zh_tw': '文化二街/文化一街(東北側)', 'En': 'Wenhua 2nd St. & Wenhua 1st St. Intersection(Northeast)'}",15,2,2023-05-19T14:11:16+08:00,2023-05-19T14:38:36+08:00
TNN501321023,501321023,TNN,"{'Zh_tw': 'YouBike2.0_東興公園(東安路251巷)', 'En': ""YouBike2.0_Dongsing Park(Ln. 251, Dong'an Rd.)""}","{'PositionLon': 120.22565, 'PositionLat': 22.99684, 'GeoHash': 'wsj6zf3wk'}","{'Zh_tw': '東安路251巷60號(對側人行道)', 'En': ""No. 60, Ln. 251, Dong'an Rd.(Opposite)""}",20,2,2023-05-19T13:06:16+08:00,2023-05-19T14:38:36+08:00
TNN501321024,501321024,TNN,"{'Zh_tw': 'YouBike2.0_東興公園(林森路)', 'En': 'YouBike2.0_Dongsing Park(Linsen Rd.)'}","{'PositionLon': 120.22444, 'PositionLat': 22.99765, 'GeoHash': 'wsj6zf8g0'}","{'Zh_tw': '林森路二段/東和路口(東南側)', 'En': 'Sec. 2, Linsen Rd. & Donghe Rd.(Southeast)'}",20,2,2023-05-19T14:30:41+08:00,2023-05-19T14:38:36+08:00
TNN501321025,501321025,TNN,"{'Zh_tw': 'YouBike2.0_臺南車站(前站一)', 'En': 'YouBike2.0_Tainan Sta.(Front#1)'}","{'PositionLon': 120.21238, 'PositionLat': 22.99797, 'GeoHash': 'wsj6z6xuz'}","{'Zh_tw': '北門路二段12號旁', 'En': 'No. 17, Sec. 2, Beimen Rd.'}",80,2,2023-05-19T14:37:15+08:00,2023-05-19T14:38:36+08:00
TNN501321031,501321031,TNN,"{'Zh_tw': 'YouBike2.0_榮譽街停車場(崇明路308巷口)', 'En': 'YouBike2.0_Rongyu St. Parking Lot(Ln. 308, Chongming Rd. Intersection)'}","{'PositionLon': 120.21982, 'PositionLat': 22.97737, 'GeoHash': 'wsj6xwvku'}","{'Zh_tw': '崇明路304號西南側', 'En': 'No. 304, Chongming Rd.(Southwest)'}",22,2,2023-05-19T14:31:16+08:00,2023-05-19T14:38:36+08:00
TNN501323001,501323001,TNN,"{'Zh_tw': 'YouBike2.0_水萍塭公園(夏林路)', 'En': 'YouBike2.0_Shueipingwen Park(Xialin Rd.)'}","{'PositionLon': 120.19475, 'PositionLat': 22.98615, 'GeoHash': 'wsj6z0e0h'}","{'Zh_tw': '夏林路1-7號(對側人行道)', 'En': 'No. 1-7, Xialin Rd. (Opposite)'}",20,2,2023-05-19T13:53:16+08:00,2023-05-19T14:38:36+08:00
TNN501323002,501323002,TNN,"{'Zh_tw': 'YouBike2.0_臺南高商', 'En': 'YouBike2.0_National Tainan Commercial Vocational Senior High School'}","{'PositionLon': 120.20353, 'PositionLat': 22.98066, 'GeoHash': 'wsj6xr981'}","{'Zh_tw': '南門路/健康路一段口(西南側)', 'En': 'Nanmen Rd. & Sec. 1, Jiankang Rd.(Southwest)'}",30,2,2023-05-19T14:23:16+08:00,2023-05-19T14:38:36+08:00
TNN501323003,501323003,TNN,"{'Zh_tw': 'YouBike2.0_忠烈祠', 'En': ""YouBike2.0_Tainan Martyrs' Shrine""}","{'PositionLon': 120.21054, 'PositionLat': 22.98117, 'GeoHash': 'wsj6xrweh'}","{'Zh_tw': '健康路一段48號(對側人行道)', 'En': 'No. 48, Sec. 1, Jiankang Rd.(Opposite)'}",21,2,2023-05-19T14:15:17+08:00,2023-05-19T14:38:36+08:00
TNN501323004,501323004,TNN,"{'Zh_tw': 'YouBike2.0_日新國小', 'En': 'YouBike2.0_Rihsin Elementary School'}","{'PositionLon': 120.19054, 'PositionLat': 22.97271, 'GeoHash': 'wsj6xn01d'}","{'Zh_tw': '金華路一段476號(對側人行道)', 'En': 'No. 476, Sec. 1, Jinhua Rd.(Opposite)'}",20,2,2023-05-19T14:29:15+08:00,2023-05-19T14:38:36+08:00
TNN501323005,501323005,TNN,"{'Zh_tw': 'YouBike2.0_鹽埕圖書館', 'En': 'YouBike2.0_Yancheng Library'}","{'PositionLon': 120.18786, 'PositionLat': 22.96742, 'GeoHash': 'wsj6wvn4u'}","{'Zh_tw': '新和東路51號(對側人行道)', 'En': 'No. 51, Xinhe E. Rd.(Opposite)'}",20,2,2023-05-19T13:56:17+08:00,2023-05-19T14:38:36+08:00
TNN501323006,501323006,TNN,"{'Zh_tw': 'YouBike2.0_南區區公所(公兒26公園)', 'En': 'YouBike2.0_South District Office(No.26 Park)'}","{'PositionLon': 120.18743, 'PositionLat': 22.96154, 'GeoHash': 'wsj6wujbd'}","{'Zh_tw': '中華南路二段251號旁', 'En': 'No. 251, Sec. 2, Zhonghua S. Rd.'}",20,2,2023-05-19T14:32:15+08:00,2023-05-19T14:38:36+08:00
TNN501323007,501323007,TNN,"{'Zh_tw': 'YouBike2.0_新興國小', 'En': 'YouBike2.0_Xingxing Elementary School'}","{'PositionLon': 120.1953, 'PositionLat': 22.9786, 'GeoHash': 'wsj6xp5s1'}","{'Zh_tw': '夏林路248號(對側人行道)', 'En': 'No. 248, Xialin Rd.(Opposite)'}",21,2,2023-05-19T14:37:15+08:00,2023-05-19T14:38:36+08:00
TNN501323008,501323008,TNN,"{'Zh_tw': 'YouBike2.0_黃金海岸', 'En': 'YouBike2.0_Gold Coast Visitor Center'}","{'PositionLon': 120.17631, 'PositionLat': 22.93058, 'GeoHash': 'wsj6qwmsq'}","{'Zh_tw': '黃金海岸遊客中心(南側廣場)', 'En': 'South Plaza'}",20,2,2023-05-19T14:27:16+08:00,2023-05-19T14:38:36+08:00
TNN501323009,501323009,TNN,"{'Zh_tw': 'YouBike2.0_萬年公園', 'En': 'YouBike2.0_Wannian Park'}","{'PositionLon': 120.18056, 'PositionLat': 22.93306, 'GeoHash': 'wsj6qybff'}","{'Zh_tw': '灣裡路與灣裡路61巷(萬年公園侯車亭旁)', 'En': 'Wanli Rd. & Ln. 61, Wanli Rd. Intersection'}",20,2,2023-05-19T13:53:16+08:00,2023-05-19T14:38:36+08:00
TNN501323010,501323010,TNN,"{'Zh_tw': 'YouBike2.0_水萍塭公園(金華路)', 'En': 'YouBike2.0_Shueipingwen Park(Jinhua Rd.)'}","{'PositionLon': 120.19201, 'PositionLat': 22.98633, 'GeoHash': 'wsj6z091h'}","{'Zh_tw': '金華路二段381號東側', 'En': 'No. 381, Sec. 2, Jinhua Rd.(Opposite)'}",17,2,2023-05-19T12:46:17+08:00,2023-05-19T14:38:36+08:00
TNN501323012,501323012,TNN,"{'Zh_tw': 'YouBike2.0_瀨口公園', 'En': 'YouBike2.0_Laikou Park'}","{'PositionLon': 120.18636, 'PositionLat': 22.9854, 'GeoHash': 'wsj6ybm59'}","{'Zh_tw': '中華西路一段438號(對側人行道)', 'En': 'No. 438, Sec. 1, Zhonghua W. Rd.'}",20,2,2023-05-19T08:16:22+08:00,2023-05-19T14:38:36+08:00
TNN501323013,501323013,TNN,"{'Zh_tw': 'YouBike2.0_健康綠洲公園', 'En': 'YouBike2.0_Oasis Park'}","{'PositionLon': 120.18433, 'PositionLat': 22.98286, 'GeoHash': 'wsj6wzgsc'}","{'Zh_tw': '仁南街/仁南一街口', 'En': 'Rennan St. & Rennan 1st St. Intersection'}",20,2,2023-05-19T14:35:16+08:00,2023-05-19T14:38:36+08:00
TNN501323014,501323014,TNN,"{'Zh_tw': 'YouBike2.0_興昌水交社', 'En': 'YouBike2.0_Xingchang Shuijiaoshe Rd. Intersection'}","{'PositionLon': 120.20046, 'PositionLat': 22.97682, 'GeoHash': 'wsj6xnz39'}","{'Zh_tw': '興昌路/水交社路口(北側)', 'En': 'Xingchang Rd. & Shuijiaoshe Rd. Intersection(North)'}",20,2,2023-05-19T13:10:22+08:00,2023-05-19T14:38:36+08:00
TNN501323015,501323015,TNN,"{'Zh_tw': 'YouBike2.0_水交社文創園區', 'En': 'YouBike2.0_Shuijiaoshe Cultural Park'}","{'PositionLon': 120.20157, 'PositionLat': 22.978180000000002, 'GeoHash': 'wsj6xr01e'}","{'Zh_tw': '水交社一街/興中街63巷口(西南側)', 'En': 'Shuijiaoshe 1st St. & Ln. 63, Xingzhong St. Intersection(Southwest)'}",16,2,2023-05-19T14:04:15+08:00,2023-05-19T14:38:36+08:00
TNN501323016,501323016,TNN,"{'Zh_tw': 'YouBike2.0_西門健康停車場', 'En': 'YouBike2.0_Ximen Jiankang Parking Lot'}","{'PositionLon': 120.19737, 'PositionLat': 22.98155, 'GeoHash': 'wsj6xptj1'}","{'Zh_tw': '西門路一段469號', 'En': 'No. 469, Sec. 1, Ximen Rd.'}",13,2,2023-05-19T14:17:21+08:00,2023-05-19T14:38:36+08:00
TNN501323017,501323017,TNN,"{'Zh_tw': 'YouBike2.0_文華公園', 'En': 'YouBike2.0_Wenhua Park'}","{'PositionLon': 120.18956, 'PositionLat': 22.98852, 'GeoHash': 'wsj6ybzmg'}","{'Zh_tw': '永華路一段275號', 'En': 'No. 275, Sec. 1, Yonghua Rd.'}",15,2,2023-05-19T13:17:33+08:00,2023-05-19T14:38:36+08:00
TNN501323018,501323018,TNN,"{'Zh_tw': 'YouBike2.0_亞洲餐旅', 'En': 'YouBike2.0_Asia Senior Hospitality Vocational School'}","{'PositionLon': 120.20288, 'PositionLat': 22.97497, 'GeoHash': 'wsj6xq3nf'}","{'Zh_tw': '大成路一段5號', 'En': 'No. 5, Sec. 1, Dacheng Rd.'}",18,2,2023-05-19T14:05:16+08:00,2023-05-19T14:38:36+08:00
TNN501323019,501323019,TNN,"{'Zh_tw': 'YouBike2.0_南寧高中', 'En': 'YouBike2.0_Nan-ning Junior High School'}","{'PositionLon': 120.18588, 'PositionLat': 22.93491, 'GeoHash': 'wsj6qzhtt'}","{'Zh_tw': '萬年路165號前', 'En': 'No. 165, Wannian Rd.'}",21,2,2023-05-19T12:48:16+08:00,2023-05-19T14:38:36+08:00
TNN501327002,501327002,TNN,"{'Zh_tw': 'YouBike2.0_麻豆區衛生所', 'En': 'YouBike2.0_Madou District Public Health Center'}","{'PositionLon': 120.2482, 'PositionLat': 23.18229, 'GeoHash': 'wsjebk4nd'}","{'Zh_tw': '興國路11-1號南側', 'En': 'No. 11-1, Xingguo Rd.(South)'}",18,2,2023-05-18T20:01:05+08:00,2023-05-19T14:38:36+08:00
TNN501328001,501328001,TNN,"{'Zh_tw': 'YouBike2.0_南科台積電(十四A)', 'En': 'YouBike2.0_TSMC (Fab-14A)'}","{'PositionLon': 120.27483, 'PositionLat': 23.1145, 'GeoHash': 'wsje2zv7w'}","{'Zh_tw': '南科北路/南科八路口(西北側)', 'En': 'Nanke N. Rd. & Nanke 8th Rd.(Northwest)'}",20,2,2023-05-19T12:08:16+08:00,2023-05-19T14:38:36+08:00
TNN501328002,501328002,TNN,"{'Zh_tw': 'YouBike2.0_霞客湖', 'En': 'YouBike2.0_Xiake Lake'}","{'PositionLon': 120.26996, 'PositionLat': 23.10799, 'GeoHash': 'wsje2y9vv'}","{'Zh_tw': '南科七路/三抱竹路口(東南側)', 'En': 'Nanke 7th Rd. & Sanbaozhu Rd. Intersection(Southeast)'}",20,2,2023-05-19T10:42:15+08:00,2023-05-19T14:38:36+08:00
TNN501328003,501328003,TNN,"{'Zh_tw': 'YouBike2.0_南科健康生活館', 'En': 'YouBike2.0_STSP Wellness Center'}","{'PositionLon': 120.28186, 'PositionLat': 23.11406, 'GeoHash': 'wsje3pf94'}","{'Zh_tw': '環東路二段20號前', 'En': 'No. 20, Huandong Rd.'}",20,2,2023-05-19T07:34:16+08:00,2023-05-19T14:38:36+08:00
TNN501328004,501328004,TNN,"{'Zh_tw': 'YouBike2.0_善化車站', 'En': 'YouBike2.0_Shanhua Sta.'}","{'PositionLon': 120.30599, 'PositionLat': 23.13364, 'GeoHash': 'wsje9ek5h'}","{'Zh_tw': '中山路20號前', 'En': 'No. 20, Zhongshan Rd.'}",20,2,2023-05-19T14:35:16+08:00,2023-05-19T14:38:36+08:00
TNN501328005,501328005,TNN,"{'Zh_tw': 'YouBike2.0_善化高中', 'En': 'YouBike2.0_Shan-Hua Senior High School'}","{'PositionLon': 120.30167, 'PositionLat': 23.13015, 'GeoHash': 'wsje9d9nb'}","{'Zh_tw': '大成路160號對側', 'En': 'No. 160, Dacheng Rd.(Opposite)'}",20,2,2023-05-19T13:11:18+08:00,2023-05-19T14:38:36+08:00
TNN501328006,501328006,TNN,"{'Zh_tw': 'YouBike2.0_南科車站', 'En': 'YouBike2.0_Nanke Sta.'}","{'PositionLon': 120.30206, 'PositionLat': 23.10788, 'GeoHash': 'wsje3w9m1'}","{'Zh_tw': '臺鐵南科站(西出口西拉雅大橋下)', 'En': 'Nanke Sta.(West)'}",20,2,2023-05-19T14:10:23+08:00,2023-05-19T14:38:36+08:00
TNN501329001,501329001,TNN,"{'Zh_tw': 'YouBike2.0_新化武德殿', 'En': 'YouBike2.0_Xinhua Wude Temple'}","{'PositionLon': 120.30926, 'PositionLat': 23.03355, 'GeoHash': 'wsje19ns0'}","{'Zh_tw': '和平街53號前', 'En': 'No. 53, Heping St.'}",20,2,2023-05-19T14:21:18+08:00,2023-05-19T14:38:36+08:00
TNN501329003,501329003,TNN,"{'Zh_tw': 'YouBike2.0_新化體育公園', 'En': 'YouBike2.0_Xinhua Sport Park'}","{'PositionLon': 120.30652, 'PositionLat': 23.02954, 'GeoHash': 'wsje18ksc'}","{'Zh_tw': '公園路110號', 'En': 'No. 110, Gongyuan Rd.'}",15,2,2023-05-19T14:25:17+08:00,2023-05-19T14:38:36+08:00
TNN501329004,501329004,TNN,"{'Zh_tw': 'YouBike2.0_新化國中', 'En': 'YouBike2.0_Xinhua Junior High School'}","{'PositionLon': 120.31153, 'PositionLat': 23.03562, 'GeoHash': 'wsje1c80j'}","{'Zh_tw': '民生路43號東側', 'En': 'No. 43, Minsheng Rd.(East)'}",20,2,2023-05-19T14:25:17+08:00,2023-05-19T14:38:36+08:00
TNN501329006,501329006,TNN,"{'Zh_tw': 'YouBike2.0_大智路豐榮洋子(活動中心)', 'En': 'YouBike2.0_Dazhi Rd. Fengrong Yangzi (Activity Center)'}","{'PositionLon': 120.29797, 'PositionLat': 23.03371, 'GeoHash': 'wsje13nm1'}","{'Zh_tw': '新化區豐榮里洋子164號', 'En': 'No. 164, Yangzi, Fengrong Village, Xinhua Dist.'}",20,2,2023-05-19T14:10:23+08:00,2023-05-19T14:38:36+08:00
TNN501330001,501330001,TNN,"{'Zh_tw': 'YouBike2.0_南科管理局', 'En': 'YouBike2.0_STSP Bureau'}","{'PositionLon': 120.28203, 'PositionLat': 23.09865, 'GeoHash': 'wsje3hfxq'}","{'Zh_tw': '南科三路17號前', 'En': 'No. 17, Nanke 3rd Rd.'}",20,2,2023-05-19T14:34:15+08:00,2023-05-19T14:38:36+08:00
TNN501330002,501330002,TNN,"{'Zh_tw': 'YouBike2.0_新市車站', 'En': 'YouBike2.0_Xinshi Sta.'}","{'PositionLon': 120.2902169, 'PositionLat': 23.06834369, 'GeoHash': 'wsje1r2wv'}","{'Zh_tw': '中華路1號(東北側)', 'En': 'No. 1, Zhonghua Rd.(Northeast)'}",20,2,2023-05-19T14:38:15+08:00,2023-05-19T14:38:36+08:00
TNN501330003,501330003,TNN,"{'Zh_tw': 'YouBike2.0_臺灣史前博物館(南科考古館)', 'En': 'YouBike2.0_Museum of Archaeology, Tainan Branch of National Museum of Prehistory'}","{'PositionLon': 120.28391, 'PositionLat': 23.10189, 'GeoHash': 'wsje3js46'}","{'Zh_tw': '南科三路10號(北側停車場前)', 'En': 'No. 10, Nanke 3rd Rd.(North)'}",18,2,2023-05-19T08:15:18+08:00,2023-05-19T14:38:36+08:00
TNN501330004,501330004,TNN,"{'Zh_tw': 'YouBike2.0_南科社區中心', 'En': 'YouBike2.0_STSP Community Center'}","{'PositionLon': 120.28843, 'PositionLat': 23.10225, 'GeoHash': 'wsje3jxk7'}","{'Zh_tw': '大順三路125號前', 'En': 'No. 125, Dashun 3rd Rd.'}",22,2,2023-05-19T14:03:17+08:00,2023-05-19T14:38:36+08:00
TNN501330005,501330005,TNN,"{'Zh_tw': 'YouBike2.0_新市區公所', 'En': 'YouBike2.0_Sinshih District Office'}","{'PositionLon': 120.29502, 'PositionLat': 23.07883, 'GeoHash': 'wsje33k5v'}","{'Zh_tw': '中興街12號', 'En': 'No. 12, Zhongxing St.'}",17,2,2023-05-19T14:30:41+08:00,2023-05-19T14:38:36+08:00
TNN501331001,501331001,TNN,"{'Zh_tw': 'YouBike2.0_新營美術園區', 'En': 'YouBike2.0_Xinying Art Park'}","{'PositionLon': 120.30632, 'PositionLat': 23.30503, 'GeoHash': 'wsjs9ds3s'}","{'Zh_tw': '公園路一段/中華路口', 'En': 'Sec. 1, Gongyuan Rd. & Zhonghua Rd. Intersection'}",22,2,2023-05-19T14:32:05+08:00,2023-05-19T14:38:36+08:00
TNN501331002,501331002,TNN,"{'Zh_tw': 'YouBike2.0_新營高中', 'En': 'YouBike2.0_Sinying Senior High School'}","{'PositionLon': 120.31223, 'PositionLat': 23.3079, 'GeoHash': 'wsjs9g0dq'}","{'Zh_tw': '民權路101號(南側)', 'En': 'No. 101, Minquan Rd.(South)'}",28,2,2023-05-19T14:38:15+08:00,2023-05-19T14:38:36+08:00
TNN501331004,501331004,TNN,"{'Zh_tw': 'YouBike2.0_新營車站', 'En': 'YouBike2.0_Xinying Sta.'}","{'PositionLon': 120.32277, 'PositionLat': 23.30647, 'GeoHash': 'wsjsd4b65'}","{'Zh_tw': '中山路1號(東南側)', 'En': 'No. 1, Zhongshan Rd.(Southeast)'}",34,2,2023-05-19T14:37:15+08:00,2023-05-19T14:38:36+08:00
TNN501331005,501331005,TNN,"{'Zh_tw': 'YouBike2.0_天鵝湖公園', 'En': 'YouBike2.0_Swan Lake Park'}","{'PositionLon': 120.31718, 'PositionLat': 23.33157, 'GeoHash': 'wsjs9zkk1'}","{'Zh_tw': '中正路556-1號(停車場入口旁)', 'En': 'No. 556-1, Zhongzheng Rd.'}",15,2,2023-05-19T14:02:15+08:00,2023-05-19T14:38:36+08:00
TNN501331006,501331006,TNN,"{'Zh_tw': 'YouBike2.0_臺南市政府(民治中心)', 'En': 'YouBike2.0_Tainan City Government (Minchi Center)'}","{'PositionLon': 120.3146244, 'PositionLat': 23.3110517, 'GeoHash': 'wsjs9gdkt'}","{'Zh_tw': '民治路36號前', 'En': 'No. 36, Minzhi Rd.'}",30,2,2023-05-19T14:34:15+08:00,2023-05-19T14:38:36+08:00
TNN501331007,501331007,TNN,"{'Zh_tw': 'YouBike2.0_新營轉運站', 'En': 'YouBike2.0_Xinying Transfer Sta.'}","{'PositionLon': 120.28218, 'PositionLat': 23.31069, 'GeoHash': 'wsjs95df9'}","{'Zh_tw': '新運二路/新運五路(東北側)', 'En': 'Xinyun 2nd Rd. & Xinyun 5th Rd. Intersection(Northeast)'}",20,2,2023-05-19T14:28:17+08:00,2023-05-19T14:38:36+08:00
TNN501331008,501331008,TNN,"{'Zh_tw': 'YouBike2.0_南新國中', 'En': 'YouBike2.0_Nanxin Junior High School'}","{'PositionLon': 120.30762, 'PositionLat': 23.30933, 'GeoHash': 'wsjs9em6d'}","{'Zh_tw': '民治路150號(對側人行道)', 'En': 'No. 150, Minzhi Rd.(Opposite)'}",20,2,2023-05-19T14:35:16+08:00,2023-05-19T14:38:36+08:00
TNN501331010,501331010,TNN,"{'Zh_tw': 'YouBike2.0_衛生局(東興辦公室)', 'En': 'YouBike2.0_Public Health Bureau (Dongxing Office)'}","{'PositionLon': 120.32299, 'PositionLat': 23.31511, 'GeoHash': 'wsjsdh2s2'}","{'Zh_tw': '東興路163號', 'En': 'No. 163, Dongxing Rd.'}",18,2,2023-05-19T14:35:16+08:00,2023-05-19T14:38:36+08:00
TNN501331012,501331012,TNN,"{'Zh_tw': 'YouBike2.0_新營體育場第二停車場', 'En': 'YouBike2.0_Tainan Municipal Xinying Stadium 2nd Parking Lot'}","{'PositionLon': 120.31187, 'PositionLat': 23.31984, 'GeoHash': 'wsjs9v0rv'}","{'Zh_tw': '長榮路二段/健康路口', 'En': 'Sec. 2, Changrong Rd. & Jiankang Rd. Intersection'}",20,2,2023-05-19T14:35:05+08:00,2023-05-19T14:38:36+08:00
TNN501335001,501335001,TNN,"{'Zh_tw': 'YouBike2.0_大臺南會展中心', 'En': 'YouBike2.0_ICC Tainan'}","{'PositionLon': 120.28535, 'PositionLat': 22.92226, 'GeoHash': 'wsjd3hv5g'}","{'Zh_tw': '歸仁十二路3號北側', 'En': 'Wudang Rd. & Guiren 12th Rd. Intersection(Northwest)'}",18,2,2023-05-19T14:21:18+08:00,2023-05-19T14:38:36+08:00
TNN501335002,501335002,TNN,"{'Zh_tw': 'YouBike2.0_陽明交通大學(臺南校區)', 'En': 'YouBike2.0_NYCU Tainan Campus'}","{'PositionLon': 120.2945475, 'PositionLat': 22.9247914, 'GeoHash': 'wsjd3m7fd'}","{'Zh_tw': '高發三路(北向人行道)', 'En': 'Gaofa 3rd Rd.'}",20,2,2023-05-19T14:15:17+08:00,2023-05-19T14:38:36+08:00
TNN501335003,501335003,TNN,"{'Zh_tw': 'YouBike2.0_歸仁區公所(中正北路)', 'En': 'YouBike2.0_Gueiren District Office(Zhongzheng N. Rd.)'}","{'PositionLon': 120.2946344, 'PositionLat': 22.9672983, 'GeoHash': 'wsjd9m5fh'}","{'Zh_tw': '中正北路一段11號旁', 'En': 'No. 11, Sec. 1, Zhongzheng N. Rd.'}",20,2,2023-05-19T13:44:15+08:00,2023-05-19T14:38:36+08:00
