StationUID,StationID,StationName,StationPosition,StationAddress,StationPhone,StationClass,StationURL
TRA-0900,0900,"{'Zh_tw': '基隆', 'En': 'Keelung'}","{'PositionLon': 121.73997, 'PositionLat': 25.13411}",1041基隆市中山區民治里1鄰中山一路16之 1號,02-24263743,1,http://www.railway.gov.tw/tra-tip-web/tip/tip00H/tipH41/viewStaInfo/0900
TRA-0910,0910,"{'Zh_tw': '三坑', 'En': 'Sankeng'}","{'PositionLon': 121.74202, 'PositionLat': 25.12305}",20045基隆市仁愛區德厚里龍安街 206 號,02-24230289,4,http://www.railway.gov.tw/tra-tip-web/tip/tip00H/tipH41/viewStaInfo/0910
TRA-0920,0920,"{'Zh_tw': '八堵', 'En': 'Badu'}","{'PositionLon': 121.72898, 'PositionLat': 25.10843}",20541基隆市暖暖區八南里八堵路 142 號,02-24560841,2,http://www.railway.gov.tw/tra-tip-web/tip/tip00H/tipH41/viewStaInfo/0920
TRA-0930,0930,"{'Zh_tw': '七堵', 'En': 'Qidu'}","{'PositionLon': 121.71415, 'PositionLat': 25.09294}",20646基隆市七堵區長興里東新街 2 號,02-24553426,1,http://www.railway.gov.tw/tra-tip-web/tip/tip00H/tipH41/viewStaInfo/0930
TRA-0940,0940,"{'Zh_tw': '百福', 'En': 'Baifu'}","{'PositionLon': 121.69373, 'PositionLat': 25.07803}",20651基隆市七堵區堵南里明德三路 1 之 1 號,02-24528372,4,http://www.railway.gov.tw/tra-tip-web/tip/tip00H/tipH41/viewStaInfo/0940
TRA-0950,0950,"{'Zh_tw': '五堵', 'En': 'Wudu'}","{'PositionLon': 121.66764, 'PositionLat': 25.07784}",22178新北市汐止區長安里長安路 17 號,02-86476200,4,http://www.railway.gov.tw/tra-tip-web/tip/tip00H/tipH41/viewStaInfo/0950
TRA-0960,0960,"{'Zh_tw': '汐止', 'En': 'Xizhi'}","{'PositionLon': 121.66244, 'PositionLat': 25.06894}",22166新北市汐止區信望里信義路 1 號,02-26415096,2,http://www.railway.gov.tw/tra-tip-web/tip/tip00H/tipH41/viewStaInfo/0960
TRA-0970,0970,"{'Zh_tw': '汐科', 'En': 'Xike'}","{'PositionLon': 121.64659, 'PositionLat': 25.06261}",22184新北市汐止區大同里大同路二段 182 號,02-26499817#8730,4,http://www.railway.gov.tw/tra-tip-web/tip/tip00H/tipH41/viewStaInfo/0970
TRA-0980,0980,"{'Zh_tw': '南港', 'En': 'Nangang'}","{'PositionLon': 121.60706, 'PositionLat': 25.05348}",1151臺北市南港區南港里南港路一段 313 號,02-27838645,1,http://www.railway.gov.tw/tra-tip-web/tip/tip00H/tipH41/viewStaInfo/0980
TRA-0990,0990,"{'Zh_tw': '松山', 'En': 'Songshan'}","{'PositionLon': 121.57807, 'PositionLat': 25.04936}",11088臺北市信義區永吉里松山路 11 號B1,02-27673819,1,http://www.railway.gov.tw/tra-tip-web/tip/tip00H/tipH41/viewStaInfo/0990
TRA-1000,1000,"{'Zh_tw': '臺北', 'En': 'Taipei'}","{'PositionLon': 121.51784, 'PositionLat': 25.04771}",100230臺北市中正區黎明里北平西路 3 號,02-23713558,0,http://www.railway.gov.tw/tra-tip-web/tip/tip00H/tipH41/viewStaInfo/1000
TRA-1001,1001,"{'Zh_tw': '臺北-環島', 'En': 'Taipei Surround Island'}","{'PositionLon': 121.51793, 'PositionLat': 25.04811}",100230臺北市中正區,,4,http://www.railway.gov.tw/tra-tip-web/tip/tip00H/tipH41/viewStaInfo/1001
TRA-1010,1010,"{'Zh_tw': '萬華', 'En': 'Wanhua'}","{'PositionLon': 121.49984, 'PositionLat': 25.03348}",108220臺北市萬華區富福里康定路 382 號,02-23020481,1,http://www.railway.gov.tw/tra-tip-web/tip/tip00H/tipH41/viewStaInfo/1010
TRA-1020,1020,"{'Zh_tw': '板橋', 'En': 'Banqiao'}","{'PositionLon': 121.46403, 'PositionLat': 25.01404}",22041新北市板橋區新民里縣民大道二段 7 號　,02-89691036,1,http://www.railway.gov.tw/tra-tip-web/tip/tip00H/tipH41/viewStaInfo/1020
TRA-1030,1030,"{'Zh_tw': '浮洲', 'En': 'Fuzhou'}","{'PositionLon': 121.44477, 'PositionLat': 25.00419}",22058新北市板橋區僑中里僑中二街 156 號,02-23815226#4665,4,http://www.railway.gov.tw/tra-tip-web/tip/tip00H/tipH41/viewStaInfo/1030
TRA-1040,1040,"{'Zh_tw': '樹林', 'En': 'Shulin'}","{'PositionLon': 121.42481, 'PositionLat': 24.99121}",23845新北市樹林區樹北里鎮前街 112 號,02-26812052,1,http://www.railway.gov.tw/tra-tip-web/tip/tip00H/tipH41/viewStaInfo/1040
TRA-1050,1050,"{'Zh_tw': '南樹林', 'En': 'South Shulin'}","{'PositionLon': 121.40891, 'PositionLat': 24.98034}",23846新北市樹林區東山里中山路二段 230 號,02-26812052,4,http://www.railway.gov.tw/tra-tip-web/tip/tip00H/tipH41/viewStaInfo/1050
TRA-1060,1060,"{'Zh_tw': '山佳', 'En': 'Shanjia'}","{'PositionLon': 121.39273, 'PositionLat': 24.97233}",23852新北市樹林區中山里山佳街 28 號,02-26808874,3,http://www.railway.gov.tw/tra-tip-web/tip/tip00H/tipH41/viewStaInfo/1060
TRA-1070,1070,"{'Zh_tw': '鶯歌', 'En': 'Yingge'}","{'PositionLon': 121.35535, 'PositionLat': 24.95432}",23942新北市鶯歌區東鶯里文化路 68-1號,02-26792004,2,http://www.railway.gov.tw/tra-tip-web/tip/tip00H/tipH41/viewStaInfo/1070
TRA-1080,1080,"{'Zh_tw': '桃園', 'En': 'Taoyuan'}","{'PositionLon': 121.31399, 'PositionLat': 24.98941}",33041桃園市桃園區武陵里中正路 1 號,03-3767050,1,http://www.railway.gov.tw/tra-tip-web/tip/tip00H/tipH41/viewStaInfo/1080
TRA-1090,1090,"{'Zh_tw': '內壢', 'En': 'Neili'}","{'PositionLon': 121.25814, 'PositionLat': 24.97287}",32072桃園市中壢區中原里中華路一段 267 號,03-4559725,3,http://www.railway.gov.tw/tra-tip-web/tip/tip00H/tipH41/viewStaInfo/1090
TRA-1100,1100,"{'Zh_tw': '中壢', 'En': 'Zhongli_Taoyuan'}","{'PositionLon': 121.22571, 'PositionLat': 24.95382}",32041桃園市中壢區石頭里中和路 139 號,03-4223235,1,http://www.railway.gov.tw/tra-tip-web/tip/tip00H/tipH41/viewStaInfo/1100
TRA-1110,1110,"{'Zh_tw': '埔心', 'En': 'Puxin'}","{'PositionLon': 121.18366, 'PositionLat': 24.91945}",32653桃園市楊梅區埔心里永美路 208 號,03-4827100,3,http://www.railway.gov.tw/tra-tip-web/tip/tip00H/tipH41/viewStaInfo/1110
TRA-1120,1120,"{'Zh_tw': '楊梅', 'En': 'Yangmei'}","{'PositionLon': 121.14634, 'PositionLat': 24.91391}",32643桃園市楊梅區楊梅里大成路 256 號,03-4782893,3,http://www.railway.gov.tw/tra-tip-web/tip/tip00H/tipH41/viewStaInfo/1120
TRA-1130,1130,"{'Zh_tw': '富岡', 'En': 'Fugang'}","{'PositionLon': 121.08313, 'PositionLat': 24.93462}",32649桃園市楊梅區富岡里成功路 37 號,03-4723754,3,http://www.railway.gov.tw/tra-tip-web/tip/tip00H/tipH41/viewStaInfo/1130
TRA-1140,1140,"{'Zh_tw': '新富', 'En': 'Xinfu'}","{'PositionLon': 121.06759, 'PositionLat': 24.93107}",32649桃園市楊梅區富豐里富全街 1 號,03-4723754,5,http://www.railway.gov.tw/tra-tip-web/tip/tip00H/tipH41/viewStaInfo/1140
TRA-1150,1150,"{'Zh_tw': '北湖', 'En': 'Beihu'}","{'PositionLon': 121.05586, 'PositionLat': 24.92191}",30371新竹縣湖口鄉東興村北湖路 1 號,03-5993850,4,http://www.railway.gov.tw/tra-tip-web/tip/tip00H/tipH41/viewStaInfo/1150
TRA-1160,1160,"{'Zh_tw': '湖口', 'En': 'Hukou'}","{'PositionLon': 121.04412, 'PositionLat': 24.90292}",30342新竹縣湖口鄉仁勢村中山路二段 121 號,03-5992192,3,http://www.railway.gov.tw/tra-tip-web/tip/tip00H/tipH41/viewStaInfo/1160
TRA-1170,1170,"{'Zh_tw': '新豐', 'En': 'Xinfeng'}","{'PositionLon': 120.99654, 'PositionLat': 24.86961}",30442新竹縣新豐鄉山崎村新興路 202 號,03-5596314,3,http://www.railway.gov.tw/tra-tip-web/tip/tip00H/tipH41/viewStaInfo/1170
TRA-1180,1180,"{'Zh_tw': '竹北', 'En': 'Zhubei'}","{'PositionLon': 121.00936, 'PositionLat': 24.83892}",30265新竹縣竹北市竹義里和平街 59 號,03-5552024,3,http://www.railway.gov.tw/tra-tip-web/tip/tip00H/tipH41/viewStaInfo/1180
TRA-1190,1190,"{'Zh_tw': '北新竹', 'En': 'North Hsinchu'}","{'PositionLon': 120.98385, 'PositionLat': 24.80876}",30060新竹市 東區東園里中華路一段 291 之 2 號,03-5237441,4,http://www.railway.gov.tw/tra-tip-web/tip/tip00H/tipH41/viewStaInfo/1190
TRA-1191,1191,"{'Zh_tw': '千甲', 'En': 'Qianjia'}","{'PositionLon': 121.00301, 'PositionLat': 24.80669}",30059新竹市 東區水源里千甲路 142 號,03-5237441,4,http://www.railway.gov.tw/tra-tip-web/tip/tip00H/tipH41/viewStaInfo/1191
TRA-1192,1192,"{'Zh_tw': '新莊', 'En': 'Xinzhuang'}","{'PositionLon': 121.02182, 'PositionLat': 24.78819}",30073新竹市 東區新莊里關東路 310 號,03-5237441,4,http://www.railway.gov.tw/tra-tip-web/tip/tip00H/tipH41/viewStaInfo/1192
TRA-1193,1193,"{'Zh_tw': '竹中', 'En': 'Zhuzhong'}","{'PositionLon': 121.03117, 'PositionLat': 24.78125}",31061新竹縣竹東鎮頭重里竹中路 145 號,03-5962042,4,http://www.railway.gov.tw/tra-tip-web/tip/tip00H/tipH41/viewStaInfo/1193
TRA-1194,1194,"{'Zh_tw': '六家', 'En': 'Liujia'}","{'PositionLon': 121.03921, 'PositionLat': 24.80751}",30273新竹縣竹北市隘口里復興三路二段 229 號,03-5962042,4,http://www.railway.gov.tw/tra-tip-web/tip/tip00H/tipH41/viewStaInfo/1194
TRA-1201,1201,"{'Zh_tw': '上員', 'En': 'Shangyuan'}","{'PositionLon': 121.05554, 'PositionLat': 24.77797}",310新竹縣竹東鎮上員里光明路 (無站房),03-5962042,5,http://www.railway.gov.tw/tra-tip-web/tip/tip00H/tipH41/viewStaInfo/1201
TRA-1202,1202,"{'Zh_tw': '榮華', 'En': 'Ronghua'}","{'PositionLon': 121.08296, 'PositionLat': 24.74851}",310新竹縣竹東鎮仁愛里北興路 (無站房),03-5962042,5,http://www.railway.gov.tw/tra-tip-web/tip/tip00H/tipH41/viewStaInfo/1202
TRA-1203,1203,"{'Zh_tw': '竹東', 'En': 'Zhudong'}","{'PositionLon': 121.09465, 'PositionLat': 24.73811}",31047新竹縣竹東鎮雞林里東林路 196 號,03-5962042,2,http://www.railway.gov.tw/tra-tip-web/tip/tip00H/tipH41/viewStaInfo/1203
TRA-1204,1204,"{'Zh_tw': '橫山', 'En': 'Hengshan'}","{'PositionLon': 121.11657, 'PositionLat': 24.72051}",31241新竹縣橫山鄉橫山村橫山路 97 號 (無站房),03-5962042,5,http://www.railway.gov.tw/tra-tip-web/tip/tip00H/tipH41/viewStaInfo/1204
TRA-1205,1205,"{'Zh_tw': '九讚頭', 'En': 'Jiuzantou'}","{'PositionLon': 121.13621, 'PositionLat': 24.72068}",31242新竹縣橫山鄉大肚村中豐路二段 286 巷 29 號,03-5962042,4,http://www.railway.gov.tw/tra-tip-web/tip/tip00H/tipH41/viewStaInfo/1205
TRA-1206,1206,"{'Zh_tw': '合興', 'En': 'Hexing'}","{'PositionLon': 121.15434, 'PositionLat': 24.71649}",31243新竹縣橫山鄉力行村中山街一段 17 號,03-5962042,5,http://www.railway.gov.tw/tra-tip-web/tip/tip00H/tipH41/viewStaInfo/1206
TRA-1207,1207,"{'Zh_tw': '富貴', 'En': 'Fugui'}","{'PositionLon': 121.16729, 'PositionLat': 24.71553}",312新竹縣橫山鄉豐田村中山街一段 (無站房),03-5962042,5,http://www.railway.gov.tw/tra-tip-web/tip/tip00H/tipH41/viewStaInfo/1207
TRA-1208,1208,"{'Zh_tw': '內灣', 'En': 'Neiwan'}","{'PositionLon': 121.18247, 'PositionLat': 24.70526}",31243新竹縣橫山鄉內灣村中正路 6 號,03-5962042,4,http://www.railway.gov.tw/tra-tip-web/tip/tip00H/tipH41/viewStaInfo/1208
TRA-1210,1210,"{'Zh_tw': '新竹', 'En': 'Hsinchu'}","{'PositionLon': 120.97156, 'PositionLat': 24.80169}",30060新竹市 東區榮光里中華路二段 445 號,03-5237441,1,http://www.railway.gov.tw/tra-tip-web/tip/tip00H/tipH41/viewStaInfo/1210
TRA-1220,1220,"{'Zh_tw': '三姓橋', 'En': 'Sanxingqiao'}","{'PositionLon': 120.92838, 'PositionLat': 24.78723}",30093新竹市 香山區香山里元培街 32 巷 30 號,03-5237441,4,http://www.railway.gov.tw/tra-tip-web/tip/tip00H/tipH41/viewStaInfo/1220
TRA-1230,1230,"{'Zh_tw': '香山', 'En': 'Xiangshan'}","{'PositionLon': 120.91391, 'PositionLat': 24.76321}",30094新竹市 香山區朝山里中華路五段 347 巷 2 弄 27 號,03-5237441,4,http://www.railway.gov.tw/tra-tip-web/tip/tip00H/tipH41/viewStaInfo/1230
TRA-1240,1240,"{'Zh_tw': '崎頂', 'En': 'Qiding'}","{'PositionLon': 120.87213, 'PositionLat': 24.72281}",35054苗栗縣竹南鎮崎頂里北戶 55 號,037-472030,5,http://www.railway.gov.tw/tra-tip-web/tip/tip00H/tipH41/viewStaInfo/1240
TRA-1250,1250,"{'Zh_tw': '竹南', 'En': 'Zhunan'}","{'PositionLon': 120.88041, 'PositionLat': 24.68663}",35041苗栗縣竹南鎮竹南里中山路 166 號,037-472030,1,http://www.railway.gov.tw/tra-tip-web/tip/tip00H/tipH41/viewStaInfo/1250
TRA-2110,2110,"{'Zh_tw': '談文', 'En': 'Tanwen'}","{'PositionLon': 120.85825, 'PositionLat': 24.65641}",36143苗栗縣造橋鄉談文村仁愛路 29 號,037-472030,5,http://www.railway.gov.tw/tra-tip-web/tip/tip00H/tipH41/viewStaInfo/2110
TRA-2120,2120,"{'Zh_tw': '大山', 'En': 'Dashan'}","{'PositionLon': 120.80376, 'PositionLat': 24.64565}",35658苗栗縣後龍鎮大山里明山路 180 號,037-728616,4,http://www.railway.gov.tw/tra-tip-web/tip/tip00H/tipH41/viewStaInfo/2120
TRA-2130,2130,"{'Zh_tw': '後龍', 'En': 'Houlong'}","{'PositionLon': 120.78731, 'PositionLat': 24.61621}",35641苗栗縣後龍鎮北龍里車站街 127-2 號,037-728616,3,http://www.railway.gov.tw/tra-tip-web/tip/tip00H/tipH41/viewStaInfo/2130
TRA-2140,2140,"{'Zh_tw': '龍港', 'En': 'Longgang'}","{'PositionLon': 120.75812, 'PositionLat': 24.61169}",35668苗栗縣後龍鎮龍京里公司寮 85 號,037-728616,5,http://www.railway.gov.tw/tra-tip-web/tip/tip00H/tipH41/viewStaInfo/2140
TRA-2150,2150,"{'Zh_tw': '白沙屯', 'En': 'Baishatun'}","{'PositionLon': 120.70824, 'PositionLat': 24.56481}",35742苗栗縣通霄鎮白西里白西 131 號,037-793066,3,http://www.railway.gov.tw/tra-tip-web/tip/tip00H/tipH41/viewStaInfo/2150
TRA-2160,2160,"{'Zh_tw': '新埔', 'En': 'Xinpu'}","{'PositionLon': 120.69518, 'PositionLat': 24.54018}",35742苗栗縣通霄鎮新埔里新埔 57 號,037-793066,4,http://www.railway.gov.tw/tra-tip-web/tip/tip00H/tipH41/viewStaInfo/2160
TRA-2170,2170,"{'Zh_tw': '通霄', 'En': 'Tongxiao'}","{'PositionLon': 120.67843, 'PositionLat': 24.49141}",35741苗栗縣通霄鎮通西里中正路 109 號,037-758300,3,http://www.railway.gov.tw/tra-tip-web/tip/tip00H/tipH41/viewStaInfo/2170
TRA-2180,2180,"{'Zh_tw': '苑裡', 'En': 'Yuanli'}","{'PositionLon': 120.65146, 'PositionLat': 24.44344}",35841苗栗縣苑裡鎮苑北里中山路 165 號,037-851013,3,http://www.railway.gov.tw/tra-tip-web/tip/tip00H/tipH41/viewStaInfo/2180
TRA-2190,2190,"{'Zh_tw': '日南', 'En': 'Rinan'}","{'PositionLon': 120.65412, 'PositionLat': 24.37805}",43771臺中市大甲區孟春里中山路二段 140 巷 8 號,04-26816113,4,http://www.railway.gov.tw/tra-tip-web/tip/tip00H/tipH41/viewStaInfo/2190
TRA-2200,2200,"{'Zh_tw': '大甲', 'En': 'Dajia'}","{'PositionLon': 120.62702, 'PositionLat': 24.34448}",43744臺中市大甲區大甲里中山路一段 828 號,04-26872022,2,http://www.railway.gov.tw/tra-tip-web/tip/tip00H/tipH41/viewStaInfo/2200
TRA-2210,2210,"{'Zh_tw': '臺中港', 'En': 'Taichung Port'}","{'PositionLon': 120.60231, 'PositionLat': 24.30441}",43642臺中市清水區頂湳里甲南路 2 號,04-26225374,2,http://www.railway.gov.tw/tra-tip-web/tip/tip00H/tipH41/viewStaInfo/2210
TRA-2220,2220,"{'Zh_tw': '清水', 'En': 'Qingshui'}","{'PositionLon': 120.56918, 'PositionLat': 24.26364}",43653臺中市清水區南社里中正街 115 號,04-26222021,3,http://www.railway.gov.tw/tra-tip-web/tip/tip00H/tipH41/viewStaInfo/2220
TRA-2230,2230,"{'Zh_tw': '沙鹿', 'En': 'Shalu'}","{'PositionLon': 120.55752, 'PositionLat': 24.23702}",43353臺中市沙鹿區沙鹿里中正街 94 號,04-26625057,2,http://www.railway.gov.tw/tra-tip-web/tip/tip00H/tipH41/viewStaInfo/2230
TRA-2240,2240,"{'Zh_tw': '龍井', 'En': 'Longjing'}","{'PositionLon': 120.54336, 'PositionLat': 24.19745}",43450臺中市龍井區龍泉里龍新路 1 號,04-26355578,3,http://www.railway.gov.tw/tra-tip-web/tip/tip00H/tipH41/viewStaInfo/2240
TRA-2250,2250,"{'Zh_tw': '大肚', 'En': 'Dadu'}","{'PositionLon': 120.54255, 'PositionLat': 24.15401}",43242臺中市大肚區頂街里平和街 121 號,04-26992523,3,http://www.railway.gov.tw/tra-tip-web/tip/tip00H/tipH41/viewStaInfo/2250
TRA-2260,2260,"{'Zh_tw': '追分', 'En': 'Zhuifen'}","{'PositionLon': 120.57014, 'PositionLat': 24.12061}",43245臺中市大肚區王田里追分街 13 號,04-26933106,3,http://www.railway.gov.tw/tra-tip-web/tip/tip00H/tipH41/viewStaInfo/2260
TRA-3140,3140,"{'Zh_tw': '造橋', 'En': 'Zaoqiao'}","{'PositionLon': 120.86719, 'PositionLat': 24.64206}",36144苗栗縣造橋鄉造橋村平仁路 54 號,037-472030,5,http://www.railway.gov.tw/tra-tip-web/tip/tip00H/tipH41/viewStaInfo/3140
TRA-3150,3150,"{'Zh_tw': '豐富', 'En': 'Fengfu'}","{'PositionLon': 120.82357, 'PositionLat': 24.60131}",35648苗栗縣後龍鎮校椅里高鐵一路 66 號,037-726700,4,http://www.railway.gov.tw/tra-tip-web/tip/tip00H/tipH41/viewStaInfo/3150
TRA-3160,3160,"{'Zh_tw': '苗栗', 'En': 'Miaoli'}","{'PositionLon': 120.82264, 'PositionLat': 24.57002}",3603苗栗縣苗栗市上苗里為公路 1 號,037-260031,1,http://www.railway.gov.tw/tra-tip-web/tip/tip00H/tipH41/viewStaInfo/3160
TRA-3170,3170,"{'Zh_tw': '南勢', 'En': 'Nanshi'}","{'PositionLon': 120.79157, 'PositionLat': 24.52234}",36063苗栗縣苗栗市新英里南勢 39 號,037-260031,5,http://www.railway.gov.tw/tra-tip-web/tip/tip00H/tipH41/viewStaInfo/3170
TRA-3180,3180,"{'Zh_tw': '銅鑼', 'En': 'Tongluo'}","{'PositionLon': 120.78616, 'PositionLat': 24.48648}",36641苗栗縣銅鑼鄉銅鑼村大同路 13 號,037-983838,3,http://www.railway.gov.tw/tra-tip-web/tip/tip00H/tipH41/viewStaInfo/3180
TRA-3190,3190,"{'Zh_tw': '三義', 'En': 'Sanyi'}","{'PositionLon': 120.77393, 'PositionLat': 24.42066}",36741苗栗縣三義鄉雙湖村雙湖 90 號,037-874763,3,http://www.railway.gov.tw/tra-tip-web/tip/tip00H/tipH41/viewStaInfo/3190
TRA-3210,3210,"{'Zh_tw': '泰安', 'En': ""Tai'an""}","{'PositionLon': 120.74181, 'PositionLat': 24.33146}",42156臺中市后里區泰安里安眉路 37 之 12 號,04-25586540,4,http://www.railway.gov.tw/tra-tip-web/tip/tip00H/tipH41/viewStaInfo/3210
TRA-3220,3220,"{'Zh_tw': '后里', 'En': 'Houli'}","{'PositionLon': 120.73288, 'PositionLat': 24.30933}",42142臺中市后里區義里里甲后路一段 1 號,04-25562038,3,http://www.railway.gov.tw/tra-tip-web/tip/tip00H/tipH41/viewStaInfo/3220
TRA-3230,3230,"{'Zh_tw': '豐原', 'En': 'Fengyuan'}","{'PositionLon': 120.72291, 'PositionLat': 24.25413}",42056臺中市豐原區豐原里中正路 1 號,04-25207950#32,1,http://www.railway.gov.tw/tra-tip-web/tip/tip00H/tipH41/viewStaInfo/3230
TRA-3240,3240,"{'Zh_tw': '栗林', 'En': 'Lilin'}","{'PositionLon': 120.71069, 'PositionLat': 24.23481}",4271臺中市潭子區潭豐路二段747號,04-25391401,4,http://www.railway.gov.tw/tra-tip-web/tip/tip00H/tipH41/viewStaInfo/3240
TRA-3250,3250,"{'Zh_tw': '潭子', 'En': 'Tanzi'}","{'PositionLon': 120.70584, 'PositionLat': 24.21255}",42751臺中市潭子區中山路二段352-1號,04-25363852,3,http://www.railway.gov.tw/tra-tip-web/tip/tip00H/tipH41/viewStaInfo/3250
TRA-3260,3260,"{'Zh_tw': '頭家厝', 'En': 'Toujiacuo'}","{'PositionLon': 120.70398, 'PositionLat': 24.19572}",427臺中市潭子區頭張東路43巷8號,04-25391426,4,http://www.railway.gov.tw/tra-tip-web/tip/tip00H/tipH41/viewStaInfo/3260
TRA-3270,3270,"{'Zh_tw': '松竹', 'En': 'Songzhu'}","{'PositionLon': 120.70197, 'PositionLat': 24.18045}",40615臺中市北屯區舊社里松竹路一段1473巷100號,04-22473033,4,http://www.railway.gov.tw/tra-tip-web/tip/tip00H/tipH41/viewStaInfo/3270
TRA-3280,3280,"{'Zh_tw': '太原', 'En': 'Taiyuan'}","{'PositionLon': 120.69986, 'PositionLat': 24.16501}",40645臺中市北屯區北興里東光路 665 號,04-22313926,4,http://www.railway.gov.tw/tra-tip-web/tip/tip00H/tipH41/viewStaInfo/3280
TRA-3290,3290,"{'Zh_tw': '精武', 'En': 'Jingwu'}","{'PositionLon': 120.69777, 'PositionLat': 24.14928}",40151臺中市東區東南里東光路 161號,04-23606501,4,http://www.railway.gov.tw/tra-tip-web/tip/tip00H/tipH41/viewStaInfo/3290
TRA-3300,3300,"{'Zh_tw': '臺中', 'En': 'Taichung'}","{'PositionLon': 120.68691, 'PositionLat': 24.13747}",40043臺中市中區綠川里臺灣大道一段 1 號,04-22227236,0,http://www.railway.gov.tw/tra-tip-web/tip/tip00H/tipH41/viewStaInfo/3300
TRA-3310,3310,"{'Zh_tw': '五權', 'En': 'Wuquan'}","{'PositionLon': 120.66653, 'PositionLat': 24.12894}",40219臺中市南區建國南路二段201號,04-22601636,4,http://www.railway.gov.tw/tra-tip-web/tip/tip00H/tipH41/viewStaInfo/3310
TRA-3320,3320,"{'Zh_tw': '大慶', 'En': 'Daqing'}","{'PositionLon': 120.64871, 'PositionLat': 24.11958}",40242臺中市南區樹德里7鄰大慶街2段130號,04-22637940,4,http://www.railway.gov.tw/tra-tip-web/tip/tip00H/tipH41/viewStaInfo/3320
TRA-3330,3330,"{'Zh_tw': '烏日', 'En': 'Wuri'}","{'PositionLon': 120.62244, 'PositionLat': 24.10867}",41442臺中市烏日區烏日里三民街 258 號,04-23381071,4,http://www.railway.gov.tw/tra-tip-web/tip/tip00H/tipH41/viewStaInfo/3330
TRA-3340,3340,"{'Zh_tw': '新烏日', 'En': 'Xinwuri'}","{'PositionLon': 120.61429, 'PositionLat': 24.10976}",41456臺中市烏日區三和里高鐵東一路 26 號,04-23376883,2,http://www.railway.gov.tw/tra-tip-web/tip/tip00H/tipH41/viewStaInfo/3340
TRA-3350,3350,"{'Zh_tw': '成功', 'En': 'Chenggong'}","{'PositionLon': 120.59021, 'PositionLat': 24.11424}",41453臺中市烏日區榮泉里中山路三段 550 號,04-23371986,3,http://www.railway.gov.tw/tra-tip-web/tip/tip00H/tipH41/viewStaInfo/3350
TRA-3360,3360,"{'Zh_tw': '彰化', 'En': 'Changhua'}","{'PositionLon': 120.53828, 'PositionLat': 24.08171}",50043彰化縣彰化市長樂里三民路 1 號,04-7274218#11,1,http://www.railway.gov.tw/tra-tip-web/tip/tip00H/tipH41/viewStaInfo/3360
TRA-3370,3370,"{'Zh_tw': '花壇', 'En': 'Huatan'}","{'PositionLon': 120.53759, 'PositionLat': 24.02521}",50341彰化縣花壇鄉花壇村中正路 370 號,04-7881418,4,http://www.railway.gov.tw/tra-tip-web/tip/tip00H/tipH41/viewStaInfo/3370
TRA-3380,3380,"{'Zh_tw': '大村', 'En': 'Dacun'}","{'PositionLon': 120.56068, 'PositionLat': 23.99003}",515彰化縣大村鄉過溝村福進路 100 號,04-8525148,4,http://www.railway.gov.tw/tra-tip-web/tip/tip00H/tipH41/viewStaInfo/3380
TRA-3390,3390,"{'Zh_tw': '員林', 'En': 'Yuanlin'}","{'PositionLon': 120.56995, 'PositionLat': 23.95933}",51041彰化縣員林市和平里民權街 55 號,04-8320544#15,1,http://www.railway.gov.tw/tra-tip-web/tip/tip00H/tipH41/viewStaInfo/3390
TRA-3400,3400,"{'Zh_tw': '永靖', 'En': 'Yongjing'}","{'PositionLon': 120.57165, 'PositionLat': 23.92811}",51241彰化縣永靖鄉崙子村永崙路 25 號,04-8320544#15,5,http://www.railway.gov.tw/tra-tip-web/tip/tip00H/tipH41/viewStaInfo/3400
TRA-3410,3410,"{'Zh_tw': '社頭', 'En': 'Shetou'}","{'PositionLon': 120.58082, 'PositionLat': 23.89571}",51155彰化縣社頭鄉廣興村社站路 10 號,04-8711646,3,http://www.railway.gov.tw/tra-tip-web/tip/tip00H/tipH41/viewStaInfo/3410
TRA-3420,3420,"{'Zh_tw': '田中', 'En': 'Tianzhong'}","{'PositionLon': 120.59121, 'PositionLat': 23.85827}",52042彰化縣田中鎮中路里中州路一段 1 號,04-8742142,2,http://www.railway.gov.tw/tra-tip-web/tip/tip00H/tipH41/viewStaInfo/3420
TRA-3430,3430,"{'Zh_tw': '二水', 'En': 'Ershui'}","{'PositionLon': 120.61805, 'PositionLat': 23.81321}",53042彰化縣二水鄉光化村光文路 1 號,04-8792027,2,http://www.railway.gov.tw/tra-tip-web/tip/tip00H/tipH41/viewStaInfo/3430
TRA-3431,3431,"{'Zh_tw': '源泉', 'En': 'Yuanquan'}","{'PositionLon': 120.64208, 'PositionLat': 23.79846}",530彰化縣二水鄉合興村英義路 (無站房),04-8792027,5,http://www.railway.gov.tw/tra-tip-web/tip/tip00H/tipH41/viewStaInfo/3431
TRA-3432,3432,"{'Zh_tw': '濁水', 'En': 'Zhuoshui'}","{'PositionLon': 120.70467, 'PositionLat': 23.83467}",55141南投縣名間鄉濁水村車站路 15 號,049-2735850,4,http://www.railway.gov.tw/tra-tip-web/tip/tip00H/tipH41/viewStaInfo/3432
TRA-3433,3433,"{'Zh_tw': '龍泉', 'En': 'Longquan'}","{'PositionLon': 120.74996, 'PositionLat': 23.83521}",552南投縣集集鎮隘寮村龍泉巷 (無站房),04-8792027,5,http://www.railway.gov.tw/tra-tip-web/tip/tip00H/tipH41/viewStaInfo/3433
TRA-3434,3434,"{'Zh_tw': '集集', 'En': 'Jiji'}","{'PositionLon': 120.78491, 'PositionLat': 23.82653}",55241南投縣集集鎮吳厝里民生路 75 號,049-2762546,5,http://www.railway.gov.tw/tra-tip-web/tip/tip00H/tipH41/viewStaInfo/3434
TRA-3435,3435,"{'Zh_tw': '水里', 'En': 'Shuili'}","{'PositionLon': 120.85333, 'PositionLat': 23.81844}",55353南投縣水里鄉水里村民生路 440 號,049-2770015,4,http://www.railway.gov.tw/tra-tip-web/tip/tip00H/tipH41/viewStaInfo/3435
TRA-3436,3436,"{'Zh_tw': '車埕', 'En': 'Checheng'}","{'PositionLon': 120.86572, 'PositionLat': 23.83263}",55345南投縣水里鄉車埕村民權巷 2 號,049-2774749,5,http://www.railway.gov.tw/tra-tip-web/tip/tip00H/tipH41/viewStaInfo/3436
TRA-3450,3450,"{'Zh_tw': '林內', 'En': 'Linnei'}","{'PositionLon': 120.61499, 'PositionLat': 23.75967}",64341雲林縣林內鄉林中村中山路 42 號,05-5892040,3,http://www.railway.gov.tw/tra-tip-web/tip/tip00H/tipH41/viewStaInfo/3450
TRA-3460,3460,"{'Zh_tw': '石榴', 'En': 'Shiliu'}","{'PositionLon': 120.57998, 'PositionLat': 23.73167}",64071雲林縣斗六市榴北里文明路 31 號,05-5332900,5,http://www.railway.gov.tw/tra-tip-web/tip/tip00H/tipH41/viewStaInfo/3460
TRA-3470,3470,"{'Zh_tw': '斗六', 'En': 'Douliu'}","{'PositionLon': 120.54117, 'PositionLat': 23.71157}",64050雲林縣斗六市信義里民生路 187 號,05-5332900,1,http://www.railway.gov.tw/tra-tip-web/tip/tip00H/tipH41/viewStaInfo/3470
TRA-3480,3480,"{'Zh_tw': '斗南', 'En': 'Dounan'}","{'PositionLon': 120.48095, 'PositionLat': 23.67302}",63042雲林縣斗南鎮南昌里中山路 2 號,05-5972039,2,http://www.railway.gov.tw/tra-tip-web/tip/tip00H/tipH41/viewStaInfo/3480
TRA-3490,3490,"{'Zh_tw': '石龜', 'En': 'Shigui'}","{'PositionLon': 120.47106, 'PositionLat': 23.63951}",630雲林縣斗南鎮石龜里,05-5972039,5,http://www.railway.gov.tw/tra-tip-web/tip/tip00H/tipH41/viewStaInfo/3490
TRA-4050,4050,"{'Zh_tw': '大林', 'En': 'Dalin'}","{'PositionLon': 120.45585, 'PositionLat': 23.60112}",62242嘉義縣大林鎮吉林里中山路 2 號,05-2654804,3,http://www.railway.gov.tw/tra-tip-web/tip/tip00H/tipH41/viewStaInfo/4050
TRA-4060,4060,"{'Zh_tw': '民雄', 'En': 'Minxiong'}","{'PositionLon': 120.43136, 'PositionLat': 23.55502}",62142嘉義縣民雄鄉東榮村和平路 2 號,05-2264272,3,http://www.railway.gov.tw/tra-tip-web/tip/tip00H/tipH41/viewStaInfo/4060
TRA-4070,4070,"{'Zh_tw': '嘉北', 'En': 'Jiabei'}","{'PositionLon': 120.44852, 'PositionLat': 23.49985}",60079嘉義市 東區後湖里保建街 110 號,05-2334584,4,http://www.railway.gov.tw/tra-tip-web/tip/tip00H/tipH41/viewStaInfo/4070
TRA-4080,4080,"{'Zh_tw': '嘉義', 'En': 'Chiayi'}","{'PositionLon': 120.44124, 'PositionLat': 23.47902}",60041嘉義市 西區番社里中山路 528 號,05-2228904,1,http://www.railway.gov.tw/tra-tip-web/tip/tip00H/tipH41/viewStaInfo/4080
TRA-4090,4090,"{'Zh_tw': '水上', 'En': 'Shuishang'}","{'PositionLon': 120.39961, 'PositionLat': 23.43389}",60841嘉義縣水上鄉下寮村鴿溪寮 49 號,05-2228904,4,http://www.railway.gov.tw/tra-tip-web/tip/tip00H/tipH41/viewStaInfo/4090
TRA-4100,4100,"{'Zh_tw': '南靖', 'En': 'Nanjing'}","{'PositionLon': 120.38647, 'PositionLat': 23.41346}",60859嘉義縣水上鄉三鎮村三鎮路 26 號,05-2601232,4,http://www.railway.gov.tw/tra-tip-web/tip/tip00H/tipH41/viewStaInfo/4100
TRA-4110,4110,"{'Zh_tw': '後壁', 'En': 'Houbi'}","{'PositionLon': 120.36058, 'PositionLat': 23.36626}",73143臺南市後壁區後壁里後壁 77 號,06-6872055,4,http://www.railway.gov.tw/tra-tip-web/tip/tip00H/tipH41/viewStaInfo/4110
TRA-4120,4120,"{'Zh_tw': '新營', 'En': 'Xinying'}","{'PositionLon': 120.32307, 'PositionLat': 23.30673}",73045臺南市新營區中營里中山路 1 號,06-6322104,1,http://www.railway.gov.tw/tra-tip-web/tip/tip00H/tipH41/viewStaInfo/4120
TRA-4130,4130,"{'Zh_tw': '柳營', 'En': 'Liuying'}","{'PositionLon': 120.32252, 'PositionLat': 23.27762}",73657臺南市柳營區東昇里建國路 1 號,06-6226450,4,http://www.railway.gov.tw/tra-tip-web/tip/tip00H/tipH41/viewStaInfo/4130
TRA-4140,4140,"{'Zh_tw': '林鳳營', 'En': 'Linfengying'}","{'PositionLon': 120.32107, 'PositionLat': 23.24259}",73444臺南市六甲區中社里林鳳營 16 號,06-6986086,4,http://www.railway.gov.tw/tra-tip-web/tip/tip00H/tipH41/viewStaInfo/4140
TRA-4150,4150,"{'Zh_tw': '隆田', 'En': 'Longtian'}","{'PositionLon': 120.31917, 'PositionLat': 23.19271}",72041臺南市官田區隆田里中山路一段 1 號,06-5791664,2,http://www.railway.gov.tw/tra-tip-web/tip/tip00H/tipH41/viewStaInfo/4150
TRA-4160,4160,"{'Zh_tw': '拔林', 'En': 'Balin'}","{'PositionLon': 120.32117, 'PositionLat': 23.17287}",72044臺南市官田區拔林里拔子林 83 之 1 號,06-5791664,5,http://www.railway.gov.tw/tra-tip-web/tip/tip00H/tipH41/viewStaInfo/4160
TRA-4170,4170,"{'Zh_tw': '善化', 'En': 'Shanhua'}","{'PositionLon': 120.30653, 'PositionLat': 23.13333}",74154臺南市善化區光文里中山路 1 號,06-5837301,2,http://www.railway.gov.tw/tra-tip-web/tip/tip00H/tipH41/viewStaInfo/4170
TRA-4180,4180,"{'Zh_tw': '南科', 'En': 'Nanke'}","{'PositionLon': 120.30175, 'PositionLat': 23.10714}",74443臺南市新市區大營里大營 287-300 號,06-5896356,4,http://www.railway.gov.tw/tra-tip-web/tip/tip00H/tipH41/viewStaInfo/4180
TRA-4190,4190,"{'Zh_tw': '新市', 'En': 'Xinshi'}","{'PositionLon': 120.29004, 'PositionLat': 23.06816}",74448臺南市新市區新和里中華路 1 號,06-5996911,3,http://www.railway.gov.tw/tra-tip-web/tip/tip00H/tipH41/viewStaInfo/4190
TRA-4200,4200,"{'Zh_tw': '永康', 'En': 'Yongkang'}","{'PositionLon': 120.25347, 'PositionLat': 23.03825}",71090臺南市永康區埔園里中山路 459 號,06-2323305,2,http://www.railway.gov.tw/tra-tip-web/tip/tip00H/tipH41/viewStaInfo/4200
TRA-4210,4210,"{'Zh_tw': '大橋', 'En': 'Daqiao'}","{'PositionLon': 120.22429, 'PositionLat': 23.01923}",71049臺南市永康區西橋里中華路 835 號,06-3021755,4,http://www.railway.gov.tw/tra-tip-web/tip/tip00H/tipH41/viewStaInfo/4210
TRA-4220,4220,"{'Zh_tw': '臺南', 'En': 'Tainan'}","{'PositionLon': 120.21249, 'PositionLat': 22.99719}",70146臺南市東區成大里北門路二段 4 號,06-2261314,1,http://www.railway.gov.tw/tra-tip-web/tip/tip00H/tipH41/viewStaInfo/4220
TRA-4250,4250,"{'Zh_tw': '保安', 'En': ""Bao'an""}","{'PositionLon': 120.23158, 'PositionLat': 22.93296}",71755臺南市仁德區保安里文賢路一段 529 巷 10 號,06-2665988,3,http://www.railway.gov.tw/tra-tip-web/tip/tip00H/tipH41/viewStaInfo/4250
TRA-4260,4260,"{'Zh_tw': '仁德', 'En': 'Rende'}","{'PositionLon': 120.24061, 'PositionLat': 22.92364}",71750臺南市仁德區保安里永德路 10 號,06-2669383,4,http://www.railway.gov.tw/tra-tip-web/tip/tip00H/tipH41/viewStaInfo/4260
TRA-4270,4270,"{'Zh_tw': '中洲', 'En': 'Zhongzhou'}","{'PositionLon': 120.25286, 'PositionLat': 22.90466}",71754臺南市仁德區中洲五街236號,06-2667191,2,http://www.railway.gov.tw/tra-tip-web/tip/tip00H/tipH41/viewStaInfo/4270
TRA-4271,4271,"{'Zh_tw': '長榮大學', 'En': 'Chang Jung Christian University'}","{'PositionLon': 120.27274, 'PositionLat': 22.90735}",71150臺南市歸仁區大潭里長大路15 號,06-2782615,4,http://www.railway.gov.tw/tra-tip-web/tip/tip00H/tipH41/viewStaInfo/4271
TRA-4272,4272,"{'Zh_tw': '沙崙', 'En': 'Shalun'}","{'PositionLon': 120.28635, 'PositionLat': 22.92419}",71151臺南市歸仁區沙崙里歸仁大道 102 號,06-3032686,4,http://www.railway.gov.tw/tra-tip-web/tip/tip00H/tipH41/viewStaInfo/4272
TRA-4290,4290,"{'Zh_tw': '大湖', 'En': 'Dahu'}","{'PositionLon': 120.25384, 'PositionLat': 22.87821}",82144高雄市路竹區甲南里天祐路 24 號,07-6932127,3,http://www.railway.gov.tw/tra-tip-web/tip/tip00H/tipH41/viewStaInfo/4290
TRA-4300,4300,"{'Zh_tw': '路竹', 'En': 'Luzhu'}","{'PositionLon': 120.26619, 'PositionLat': 22.85404}",82146高雄市路竹區竹南里中正路 288 號,07-6072723,3,http://www.railway.gov.tw/tra-tip-web/tip/tip00H/tipH41/viewStaInfo/4300
TRA-4310,4310,"{'Zh_tw': '岡山', 'En': 'Gangshan'}","{'PositionLon': 120.29984, 'PositionLat': 22.79221}",82065高雄市岡山區碧紅里岡燕路 111 號,07-6212074,1,http://www.railway.gov.tw/tra-tip-web/tip/tip00H/tipH41/viewStaInfo/4310
TRA-4320,4320,"{'Zh_tw': '橋頭', 'En': 'Qiaotou'}","{'PositionLon': 120.31011, 'PositionLat': 22.76098}",82548高雄市橋頭區橋頭里站前街 14 號,07-6115424,3,http://www.railway.gov.tw/tra-tip-web/tip/tip00H/tipH41/viewStaInfo/4320
TRA-4330,4330,"{'Zh_tw': '楠梓', 'En': 'Nanzi'}","{'PositionLon': 120.32453, 'PositionLat': 22.72717}",81162高雄市楠梓區惠楠里建楠路 229 號,07-3510175,2,http://www.railway.gov.tw/tra-tip-web/tip/tip00H/tipH41/viewStaInfo/4330
TRA-4340,4340,"{'Zh_tw': '新左營', 'En': 'Xinzuoying'}","{'PositionLon': 120.30678, 'PositionLat': 22.68754}",81314高雄市左營區尾北里站前北路 1 號,07-5887825,1,http://www.railway.gov.tw/tra-tip-web/tip/tip00H/tipH41/viewStaInfo/4340
TRA-4350,4350,"{'Zh_tw': '左營', 'En': 'Zuoying'}","{'PositionLon': 120.29555, 'PositionLat': 22.67557}",81314高雄市左營區翠華路1050號地下1層,07-5887835,4,http://www.railway.gov.tw/tra-tip-web/tip/tip00H/tipH41/viewStaInfo/4350
TRA-4360,4360,"{'Zh_tw': '內惟', 'En': 'Neiwei'}","{'PositionLon': 120.28738, 'PositionLat': 22.66607}",80456高雄市鼓山區翠華路500號地下1層,07-5886119,4,http://www.railway.gov.tw/tra-tip-web/tip/tip00H/tipH41/viewStaInfo/4360
TRA-4370,4370,"{'Zh_tw': '美術館', 'En': 'Museum of Fine Arts'}","{'PositionLon': 120.28163, 'PositionLat': 22.65298}",80460高雄市鼓山區翠華路246號,07-5215147,4,http://www.railway.gov.tw/tra-tip-web/tip/tip00H/tipH41/viewStaInfo/4370
TRA-4380,4380,"{'Zh_tw': '鼓山', 'En': 'Gushan'}","{'PositionLon': 120.28071, 'PositionLat': 22.64169}",80445高雄市鼓山區鐵路街20巷6號,07-5217014,4,http://www.railway.gov.tw/tra-tip-web/tip/tip00H/tipH41/viewStaInfo/4380
TRA-4390,4390,"{'Zh_tw': '三塊厝', 'En': 'Sankuaicuo'}","{'PositionLon': 120.29381, 'PositionLat': 22.63901}",80748高雄市三民區德北里6鄰康平街1號,07-2856234,4,http://www.railway.gov.tw/tra-tip-web/tip/tip00H/tipH41/viewStaInfo/4390
TRA-4400,4400,"{'Zh_tw': '高雄', 'En': 'Kaohsiung'}","{'PositionLon': 120.30313, 'PositionLat': 22.63801}",80750高雄市三民區港西里建國二路 318 號,07-2352376,0,http://www.railway.gov.tw/tra-tip-web/tip/tip00H/tipH41/viewStaInfo/4400
TRA-4410,4410,"{'Zh_tw': '民族', 'En': 'Minzu'}","{'PositionLon': 120.31479, 'PositionLat': 22.63881}",807高雄市三民區博惠里14鄰凱旋一路260號,07-2231492,4,http://www.railway.gov.tw/tra-tip-web/tip/tip00H/tipH41/viewStaInfo/4410
TRA-4420,4420,"{'Zh_tw': '科工館', 'En': 'Science And Technology Museum'}","{'PositionLon': 120.32663, 'PositionLat': 22.63702}",807高雄市三民區寶盛里15鄰大順三路307號,07-2234778,4,http://www.railway.gov.tw/tra-tip-web/tip/tip00H/tipH41/viewStaInfo/4420
TRA-4430,4430,"{'Zh_tw': '正義', 'En': 'Zhengyi'}","{'PositionLon': 120.34245, 'PositionLat': 22.63425}",802高雄市苓雅區建軍里正義路 308 號 B1,07-7999818,4,http://www.railway.gov.tw/tra-tip-web/tip/tip00H/tipH41/viewStaInfo/4430
TRA-4440,4440,"{'Zh_tw': '鳳山', 'En': 'Fongshan'}","{'PositionLon': 120.35746, 'PositionLat': 22.63131}",83064高雄市鳳山區曹公里曹公路 137 號,07-7460423,2,http://www.railway.gov.tw/tra-tip-web/tip/tip00H/tipH41/viewStaInfo/4440
TRA-4450,4450,"{'Zh_tw': '後庄', 'En': 'Houzhuang'}","{'PositionLon': 120.39132, 'PositionLat': 22.64013}",83143高雄市大寮區後庄里民慶街 9 號,07-7020149,4,http://www.railway.gov.tw/tra-tip-web/tip/tip00H/tipH41/viewStaInfo/4450
TRA-4460,4460,"{'Zh_tw': '九曲堂', 'En': 'Jiuqutang'}","{'PositionLon': 120.42072, 'PositionLat': 22.65658}",84041高雄市大樹區久堂里久堂路鐵路巷 15 號,07-6512020,3,http://www.railway.gov.tw/tra-tip-web/tip/tip00H/tipH41/viewStaInfo/4460
TRA-4470,4470,"{'Zh_tw': '六塊厝', 'En': 'Liukuaicuo'}","{'PositionLon': 120.46491, 'PositionLat': 22.66619}",90082屏東縣屏東市長安里光復路 392 號,08-7515140,5,http://www.railway.gov.tw/tra-tip-web/tip/tip00H/tipH41/viewStaInfo/4470
TRA-5000,5000,"{'Zh_tw': '屏東', 'En': 'Pingtung'}","{'PositionLon': 120.48627, 'PositionLat': 22.66961}",90078屏東縣屏東市擇仁里公勇路 62 號,08-7515140,1,http://www.railway.gov.tw/tra-tip-web/tip/tip00H/tipH41/viewStaInfo/5000
TRA-5010,5010,"{'Zh_tw': '歸來', 'En': 'Guilai'}","{'PositionLon': 120.50294, 'PositionLat': 22.65214}",90043屏東縣屏東市歸來里歸仁路 5 之 4 號,08-7515140,5,http://www.railway.gov.tw/tra-tip-web/tip/tip00H/tipH41/viewStaInfo/5010
TRA-5020,5020,"{'Zh_tw': '麟洛', 'En': 'Linluo'}","{'PositionLon': 120.51446, 'PositionLat': 22.63478}",90941屏東縣麟洛鄉田道村中華路站前巷 15 號,08-7515140,5,http://www.railway.gov.tw/tra-tip-web/tip/tip00H/tipH41/viewStaInfo/5020
TRA-5030,5030,"{'Zh_tw': '西勢', 'En': 'Xishi'}","{'PositionLon': 120.52677, 'PositionLat': 22.61661}",91142屏東縣竹田鄉西勢村西豐路 2 號,08-7784521,3,http://www.railway.gov.tw/tra-tip-web/tip/tip00H/tipH41/viewStaInfo/5030
TRA-5040,5040,"{'Zh_tw': '竹田', 'En': 'Zhutian'}","{'PositionLon': 120.54009, 'PositionLat': 22.58648}",91144屏東縣竹田鄉履豐村豐明路29 號,08-7711002,4,http://www.railway.gov.tw/tra-tip-web/tip/tip00H/tipH41/viewStaInfo/5040
TRA-5050,5050,"{'Zh_tw': '潮州', 'En': 'Chaozhou'}","{'PositionLon': 120.53662, 'PositionLat': 22.55007}",92045屏東縣潮州鎮新榮里信義路 111 號,08-7882739,1,http://www.railway.gov.tw/tra-tip-web/tip/tip00H/tipH41/viewStaInfo/5050
TRA-5060,5060,"{'Zh_tw': '崁頂', 'En': 'Kanding'}","{'PositionLon': 120.51481, 'PositionLat': 22.51311}",92442屏東縣崁頂鄉崁頂村中正路 122 號,08-7882739,5,http://www.railway.gov.tw/tra-tip-web/tip/tip00H/tipH41/viewStaInfo/5060
TRA-5070,5070,"{'Zh_tw': '南州', 'En': 'Nanzhou'}","{'PositionLon': 120.51159, 'PositionLat': 22.49203}",92643屏東縣南州鄉仁里村仁里路 86 號,08-8642942,3,http://www.railway.gov.tw/tra-tip-web/tip/tip00H/tipH41/viewStaInfo/5070
TRA-5080,5080,"{'Zh_tw': '鎮安', 'En': ""Zhen'an""}","{'PositionLon': 120.51151, 'PositionLat': 22.45794}",92748屏東縣林邊鄉鎮安村永和路 4 號,08-8642942,5,http://www.railway.gov.tw/tra-tip-web/tip/tip00H/tipH41/viewStaInfo/5080
TRA-5090,5090,"{'Zh_tw': '林邊', 'En': 'Linbian'}","{'PositionLon': 120.51538, 'PositionLat': 22.43141}",92744屏東縣林邊鄉仁和村仁愛路 33 號,08-8751475,3,http://www.railway.gov.tw/tra-tip-web/tip/tip00H/tipH41/viewStaInfo/5090
TRA-5100,5100,"{'Zh_tw': '佳冬', 'En': 'Jiadong'}","{'PositionLon': 120.54782, 'PositionLat': 22.41416}",931屏東縣佳冬鄉六根村復興路21號,08-8662939,4,http://www.railway.gov.tw/tra-tip-web/tip/tip00H/tipH41/viewStaInfo/5100
TRA-5110,5110,"{'Zh_tw': '東海', 'En': 'Donghai'}","{'PositionLon': 120.57252, 'PositionLat': 22.39903}",94042屏東縣枋寮鄉東海村西安路 92 號,08-8782041,5,http://www.railway.gov.tw/tra-tip-web/tip/tip00H/tipH41/viewStaInfo/5110
TRA-5120,5120,"{'Zh_tw': '枋寮', 'En': 'Fangliao'}","{'PositionLon': 120.59501, 'PositionLat': 22.36786}",94043屏東縣枋寮鄉枋寮村儲運路 18 號,08-8782041,2,http://www.railway.gov.tw/tra-tip-web/tip/tip00H/tipH41/viewStaInfo/5120
TRA-5130,5130,"{'Zh_tw': '加祿', 'En': 'Jialu'}","{'PositionLon': 120.62445, 'PositionLat': 22.33085}",94145屏東縣枋山鄉加祿村會社 53 號,08-8720791,3,http://www.railway.gov.tw/tra-tip-web/tip/tip00H/tipH41/viewStaInfo/5130
TRA-5140,5140,"{'Zh_tw': '內獅', 'En': 'Neishi'}","{'PositionLon': 120.64322, 'PositionLat': 22.30615}",94150屏東縣枋山鄉加祿村南和 43 號,08-8720791,5,http://www.railway.gov.tw/tra-tip-web/tip/tip00H/tipH41/viewStaInfo/5140
TRA-5160,5160,"{'Zh_tw': '枋山', 'En': 'Fangshan'}","{'PositionLon': 120.65968, 'PositionLat': 22.26677}",94350屏東縣獅子鄉內獅村內獅巷 84 號,08-8720791,4,http://www.railway.gov.tw/tra-tip-web/tip/tip00H/tipH41/viewStaInfo/5160
TRA-5170,5170,"{'Zh_tw': '枋野', 'En': 'Fangye'}","{'PositionLon': 120.71709, 'PositionLat': 22.28091}",94350屏東縣獅子鄉內獅村內獅巷 88 號,08-8761953,3,http://www.railway.gov.tw/tra-tip-web/tip/tip00H/tipH41/viewStaInfo/5170
TRA-5190,5190,"{'Zh_tw': '大武', 'En': 'Dawu'}","{'PositionLon': 120.90091, 'PositionLat': 22.36537}",96541臺東縣大武鄉大鳥村和平部落 33 號,089-792056,3,http://www.railway.gov.tw/tra-tip-web/tip/tip00H/tipH41/viewStaInfo/5190
TRA-5200,5200,"{'Zh_tw': '瀧溪', 'En': 'Longxi'}","{'PositionLon': 120.94176, 'PositionLat': 22.46102}",96345臺東縣太麻里鄉多良村大溪 37 號,089-761482,4,http://www.railway.gov.tw/tra-tip-web/tip/tip00H/tipH41/viewStaInfo/5200
TRA-5210,5210,"{'Zh_tw': '金崙', 'En': 'Jinlun'}","{'PositionLon': 120.96721, 'PositionLat': 22.53161}",96344臺東縣太麻里鄉金崙村金崙 47 之 17 號,089-771068,3,http://www.railway.gov.tw/tra-tip-web/tip/tip00H/tipH41/viewStaInfo/5210
TRA-5220,5220,"{'Zh_tw': '太麻里', 'En': 'Taimali'}","{'PositionLon': 121.00505, 'PositionLat': 22.61879}",96346臺東縣太麻里鄉大王村站前路 2 號,089-781544,3,http://www.railway.gov.tw/tra-tip-web/tip/tip00H/tipH41/viewStaInfo/5220
TRA-5230,5230,"{'Zh_tw': '知本', 'En': 'Zhiben'}","{'PositionLon': 121.06059, 'PositionLat': 22.71023}",95093臺東縣臺東市知本里知本路二段 900 巷 85 號,089-514482,3,http://www.railway.gov.tw/tra-tip-web/tip/tip00H/tipH41/viewStaInfo/5230
TRA-5240,5240,"{'Zh_tw': '康樂', 'En': 'Kangle'}","{'PositionLon': 121.09338, 'PositionLat': 22.76406}",95060臺東縣臺東市康樂里博物館路 51 巷 131 號,089-383107,4,http://www.railway.gov.tw/tra-tip-web/tip/tip00H/tipH41/viewStaInfo/5240
TRA-5999,5999,"{'Zh_tw': '潮州基地', 'En': 'Chaozhou Railway Workshop'}","{'PositionLon': 120.52642, 'PositionLat': 22.52231}",92054屏東縣潮州鎮光春里光復路 616 號,08-7889880,4,http://www.railway.gov.tw/tra-tip-web/tip/tip00H/tipH41/viewStaInfo/5999
TRA-6000,6000,"{'Zh_tw': '臺東', 'En': 'Taitung'}","{'PositionLon': 121.12326, 'PositionLat': 22.79375}",95058臺東縣臺東市岩灣里岩灣路 101 巷 598 號,089-229687,1,http://www.railway.gov.tw/tra-tip-web/tip/tip00H/tipH41/viewStaInfo/6000
TRA-6010,6010,"{'Zh_tw': '山里', 'En': 'Shanli'}","{'PositionLon': 121.13778, 'PositionLat': 22.86194}",95443臺東縣卑南鄉嘉豐村山里路 108 號,089-572370,3,http://www.railway.gov.tw/tra-tip-web/tip/tip00H/tipH41/viewStaInfo/6010
TRA-6020,6020,"{'Zh_tw': '鹿野', 'En': 'Luye'}","{'PositionLon': 121.13696, 'PositionLat': 22.91251}",95542臺東縣鹿野鄉鹿野村中正路 38 號,089-550217,3,http://www.railway.gov.tw/tra-tip-web/tip/tip00H/tipH41/viewStaInfo/6020
TRA-6030,6030,"{'Zh_tw': '瑞源', 'En': 'Ruiyuan'}","{'PositionLon': 121.15902, 'PositionLat': 22.95613}",95543臺東縣鹿野鄉瑞源村瑞景路一段 336 巷 8 號 之 1,089-580159,3,http://www.railway.gov.tw/tra-tip-web/tip/tip00H/tipH41/viewStaInfo/6030
TRA-6040,6040,"{'Zh_tw': '瑞和', 'En': 'Ruihe'}","{'PositionLon': 121.15573, 'PositionLat': 22.98001}",95543臺東縣鹿野鄉瑞和村瑞景路三段 1 之 1 號,089-580159,5,http://www.railway.gov.tw/tra-tip-web/tip/tip00H/tipH41/viewStaInfo/6040
TRA-6050,6050,"{'Zh_tw': '關山', 'En': 'Guanshan'}","{'PositionLon': 121.16441, 'PositionLat': 23.04564}",95662臺東縣關山鎮里壠里博愛路 2 號,089-811033,3,http://www.railway.gov.tw/tra-tip-web/tip/tip00H/tipH41/viewStaInfo/6050
TRA-6060,6060,"{'Zh_tw': '海端', 'En': 'Haiduan'}","{'PositionLon': 121.17676, 'PositionLat': 23.10292}",95664臺東縣關山鎮德高里西莊 49 號,089-811033,4,http://www.railway.gov.tw/tra-tip-web/tip/tip00H/tipH41/viewStaInfo/6060
TRA-6070,6070,"{'Zh_tw': '池上', 'En': 'Chishang'}","{'PositionLon': 121.21956, 'PositionLat': 23.12605}",95862臺東縣池上鄉福文村鐵花路 30 號,089-862097,3,http://www.railway.gov.tw/tra-tip-web/tip/tip00H/tipH41/viewStaInfo/6070
TRA-6080,6080,"{'Zh_tw': '富里', 'En': 'Fuli'}","{'PositionLon': 121.24864, 'PositionLat': 23.17935}",98341花蓮縣富里鄉富里村車站街 56 號,03-8831771,3,http://www.railway.gov.tw/tra-tip-web/tip/tip00H/tipH41/viewStaInfo/6080
TRA-6090,6090,"{'Zh_tw': '東竹', 'En': 'Dongzhu'}","{'PositionLon': 121.27844, 'PositionLat': 23.22612}",98391花蓮縣富里鄉新興村新興 26 號,03-8821504,3,http://www.railway.gov.tw/tra-tip-web/tip/tip00H/tipH41/viewStaInfo/6090
TRA-6100,6100,"{'Zh_tw': '東里', 'En': 'Dongli'}","{'PositionLon': 121.30425, 'PositionLat': 23.27233}",98392花蓮縣富里鄉東里村大莊路 15 之 6 號,03-8861005,3,http://www.railway.gov.tw/tra-tip-web/tip/tip00H/tipH41/viewStaInfo/6100
TRA-6110,6110,"{'Zh_tw': '玉里', 'En': 'Yuli'}","{'PositionLon': 121.31181, 'PositionLat': 23.33161}",98143花蓮縣玉里鎮中城里康樂街 39 號,03-8882020,1,http://www.railway.gov.tw/tra-tip-web/tip/tip00H/tipH41/viewStaInfo/6110
TRA-6120,6120,"{'Zh_tw': '三民', 'En': 'Sanmin'}","{'PositionLon': 121.34561, 'PositionLat': 23.42463}",98191花蓮縣玉里鎮三民里三民 10 號,03-8841847,3,http://www.railway.gov.tw/tra-tip-web/tip/tip00H/tipH41/viewStaInfo/6120
TRA-6130,6130,"{'Zh_tw': '瑞穗', 'En': 'Ruisui'}","{'PositionLon': 121.37689, 'PositionLat': 23.49739}",97841花蓮縣瑞穗鄉瑞穗村四維街 13 號,03-8875039,3,http://www.railway.gov.tw/tra-tip-web/tip/tip00H/tipH41/viewStaInfo/6130
TRA-6140,6140,"{'Zh_tw': '富源', 'En': 'Fuyuan'}","{'PositionLon': 121.38003, 'PositionLat': 23.58028}",97843花蓮縣瑞穗鄉富源村富源路 2 號,03-8811824,3,http://www.railway.gov.tw/tra-tip-web/tip/tip00H/tipH41/viewStaInfo/6140
TRA-6150,6150,"{'Zh_tw': '大富', 'En': 'Dafu'}","{'PositionLon': 121.38969, 'PositionLat': 23.60572}",97644花蓮縣光復鄉大富村明德路 1 號,03-8811824,5,http://www.railway.gov.tw/tra-tip-web/tip/tip00H/tipH41/viewStaInfo/6150
TRA-6160,6160,"{'Zh_tw': '光復', 'En': 'Guangfu'}","{'PositionLon': 121.42125, 'PositionLat': 23.66633}",97645花蓮縣光復鄉大安村中正路一段 2 之 1 號,03-8704143,3,http://www.railway.gov.tw/tra-tip-web/tip/tip00H/tipH41/viewStaInfo/6160
TRA-6170,6170,"{'Zh_tw': '萬榮', 'En': 'Wanrong'}","{'PositionLon': 121.41907, 'PositionLat': 23.71199}",97543花蓮縣鳳林鎮長橋里長德街 17 號,03-8752175,3,http://www.railway.gov.tw/tra-tip-web/tip/tip00H/tipH41/viewStaInfo/6170
TRA-6180,6180,"{'Zh_tw': '鳳林', 'En': 'Fenglin'}","{'PositionLon': 121.44708, 'PositionLat': 23.74625}",97545花蓮縣鳳林鎮鳳智里中山路 43 號,03-8762004,3,http://www.railway.gov.tw/tra-tip-web/tip/tip00H/tipH41/viewStaInfo/6180
TRA-6190,6190,"{'Zh_tw': '南平', 'En': 'Nanping'}","{'PositionLon': 121.45833, 'PositionLat': 23.78228}",97542花蓮縣鳳林鎮南平里自強路 233 號,03-8771597,3,http://www.railway.gov.tw/tra-tip-web/tip/tip00H/tipH41/viewStaInfo/6190
TRA-6200,6200,"{'Zh_tw': '林榮新光', 'En': 'Linrong Shin Kong'}","{'PositionLon': 121.46205, 'PositionLat': 23.80225}",97542花蓮縣鳳林鎮兆豐路800號,03-8772677,4,http://www.railway.gov.tw/tra-tip-web/tip/tip00H/tipH41/viewStaInfo/6200
TRA-6210,6210,"{'Zh_tw': '豐田', 'En': 'Fengtian'}","{'PositionLon': 121.49619, 'PositionLat': 23.84836}",97451花蓮縣壽豐鄉豐山村站前街 36 號,03-8654251,4,http://www.railway.gov.tw/tra-tip-web/tip/tip00H/tipH41/viewStaInfo/6210
TRA-6220,6220,"{'Zh_tw': '壽豐', 'En': 'Shoufeng'}","{'PositionLon': 121.51064, 'PositionLat': 23.86901}",97442花蓮縣壽豐鄉壽豐村壽山路 1 號,03-8653706,3,http://www.railway.gov.tw/tra-tip-web/tip/tip00H/tipH41/viewStaInfo/6220
TRA-6230,6230,"{'Zh_tw': '平和', 'En': 'Pinghe'}","{'PositionLon': 121.52036, 'PositionLat': 23.88275}",97445花蓮縣壽豐鄉平和村平和路 1 號,03-8653706,5,http://www.railway.gov.tw/tra-tip-web/tip/tip00H/tipH41/viewStaInfo/6230
TRA-6240,6240,"{'Zh_tw': '志學', 'En': 'Zhixue'}","{'PositionLon': 121.52947, 'PositionLat': 23.90751}",97443花蓮縣壽豐鄉志學村中正路 1 號,03-8662966,3,http://www.railway.gov.tw/tra-tip-web/tip/tip00H/tipH41/viewStaInfo/6240
TRA-6250,6250,"{'Zh_tw': '吉安', 'En': ""Ji'an""}","{'PositionLon': 121.58261, 'PositionLat': 23.96825}",97350花蓮縣吉安鄉南昌村南昌路1號,03-8539423,3,http://www.railway.gov.tw/tra-tip-web/tip/tip00H/tipH41/viewStaInfo/6250
TRA-7000,7000,"{'Zh_tw': '花蓮', 'En': 'Hualien'}","{'PositionLon': 121.60158, 'PositionLat': 23.99264}",97055花蓮縣花蓮市國聯里國聯一路 100 號,03-8355941,0,http://www.railway.gov.tw/tra-tip-web/tip/tip00H/tipH41/viewStaInfo/7000
TRA-7010,7010,"{'Zh_tw': '北埔', 'En': 'Beipu'}","{'PositionLon': 121.60189, 'PositionLat': 24.03251}",97147花蓮縣新城鄉北埔村自強街 113 號,03-8263809,3,http://www.railway.gov.tw/tra-tip-web/tip/tip00H/tipH41/viewStaInfo/7010
TRA-7020,7020,"{'Zh_tw': '景美', 'En': 'Jingmei'}","{'PositionLon': 121.61103, 'PositionLat': 24.09039}",97243花蓮縣秀林鄉景美村加灣 178 之 1 號,03-8611237,4,http://www.railway.gov.tw/tra-tip-web/tip/tip00H/tipH41/viewStaInfo/7020
TRA-7030,7030,"{'Zh_tw': '新城', 'En': 'Xincheng'}","{'PositionLon': 121.64103, 'PositionLat': 24.12761}",97163花蓮縣新城鄉新城村新興一路 73 號,03-8611237,2,http://www.railway.gov.tw/tra-tip-web/tip/tip00H/tipH41/viewStaInfo/7030
TRA-7040,7040,"{'Zh_tw': '崇德', 'En': 'Chongde'}","{'PositionLon': 121.65536, 'PositionLat': 24.17199}",97253花蓮縣秀林鄉崇德村海濱路 96 號,03-8621365,3,http://www.railway.gov.tw/tra-tip-web/tip/tip00H/tipH41/viewStaInfo/7040
TRA-7050,7050,"{'Zh_tw': '和仁', 'En': 'Heren'}","{'PositionLon': 121.71192, 'PositionLat': 24.24219}",97291花蓮縣秀林鄉和平村和仁 71 號,03-8681221,3,http://www.railway.gov.tw/tra-tip-web/tip/tip00H/tipH41/viewStaInfo/7050
TRA-7060,7060,"{'Zh_tw': '和平', 'En': 'Heping'}","{'PositionLon': 121.75322, 'PositionLat': 24.29825}",97291花蓮縣秀林鄉和平村和平 276 號,03-8681009,2,http://www.railway.gov.tw/tra-tip-web/tip/tip00H/tipH41/viewStaInfo/7060
TRA-7070,7070,"{'Zh_tw': '漢本', 'En': 'Hanben'}","{'PositionLon': 121.76829, 'PositionLat': 24.33542}",27247宜蘭縣南澳鄉澳花村蘇花路一段 56 號,03-9985238,3,http://www.railway.gov.tw/tra-tip-web/tip/tip00H/tipH41/viewStaInfo/7070
TRA-7080,7080,"{'Zh_tw': '武塔', 'En': 'Wuta'}","{'PositionLon': 121.77601, 'PositionLat': 24.44879}",27245宜蘭縣南澳鄉武塔村新溪路 18 號,03-9981971,5,http://www.railway.gov.tw/tra-tip-web/tip/tip00H/tipH41/viewStaInfo/7080
TRA-7090,7090,"{'Zh_tw': '南澳', 'En': ""Nan'ao""}","{'PositionLon': 121.80103, 'PositionLat': 24.46342}",27092宜蘭縣蘇澳鎮南強里大通路 22 號,03-9981971,3,http://www.railway.gov.tw/tra-tip-web/tip/tip00H/tipH41/viewStaInfo/7090
TRA-7100,7100,"{'Zh_tw': '東澳', 'En': ""Dong'ao""}","{'PositionLon': 121.83071, 'PositionLat': 24.51828}",27291宜蘭縣南澳鄉東岳村東岳路 1 號,03-9986053,2,http://www.railway.gov.tw/tra-tip-web/tip/tip00H/tipH41/viewStaInfo/7100
TRA-7110,7110,"{'Zh_tw': '永樂', 'En': 'Yongle'}","{'PositionLon': 121.84458, 'PositionLat': 24.56843}",27046宜蘭縣蘇澳鎮永樂里圳頭路 60 號,03-9961889,3,http://www.railway.gov.tw/tra-tip-web/tip/tip00H/tipH41/viewStaInfo/7110
TRA-7120,7120,"{'Zh_tw': '蘇澳', 'En': ""Su'ao""}","{'PositionLon': 121.85144, 'PositionLat': 24.59514}",27048宜蘭縣蘇澳鎮蘇南里太平路 1 號,03-9962028,2,http://www.railway.gov.tw/tra-tip-web/tip/tip00H/tipH41/viewStaInfo/7120
TRA-7130,7130,"{'Zh_tw': '蘇澳新', 'En': ""Su'aoxin""}","{'PositionLon': 121.82719, 'PositionLat': 24.60852}",27048宜蘭縣蘇澳鎮聖愛里中山路二段 238 號,03-9961004,1,http://www.railway.gov.tw/tra-tip-web/tip/tip00H/tipH41/viewStaInfo/7130
TRA-7140,7140,"{'Zh_tw': '新馬', 'En': 'Xinma'}","{'PositionLon': 121.82292, 'PositionLat': 24.61535}",27048宜蘭縣蘇澳鎮新城里中山路二段 322 號,03-9961004,5,http://www.railway.gov.tw/tra-tip-web/tip/tip00H/tipH41/viewStaInfo/7140
TRA-7150,7150,"{'Zh_tw': '冬山', 'En': 'Dongshan'}","{'PositionLon': 121.79221, 'PositionLat': 24.63642}",26946宜蘭縣冬山鄉冬山村中正路 1 號,03-9594221,3,http://www.railway.gov.tw/tra-tip-web/tip/tip00H/tipH41/viewStaInfo/7150
TRA-7160,7160,"{'Zh_tw': '羅東', 'En': 'Luodong'}","{'PositionLon': 121.77424, 'PositionLat': 24.67795}",26550宜蘭縣羅東鎮大新里公正路 2 號,03-9542117,2,http://www.railway.gov.tw/tra-tip-web/tip/tip00H/tipH41/viewStaInfo/7160
TRA-7170,7170,"{'Zh_tw': '中里', 'En': 'Zhongli_Yilan'}","{'PositionLon': 121.77526, 'PositionLat': 24.69415}",26844宜蘭縣五結鄉中興村台興路 10 號,03-9542117,5,http://www.railway.gov.tw/tra-tip-web/tip/tip00H/tipH41/viewStaInfo/7170
TRA-7180,7180,"{'Zh_tw': '二結', 'En': 'Erjie'}","{'PositionLon': 121.77411, 'PositionLat': 24.70529}",26843宜蘭縣五結鄉五結中路三段658巷8號,03-9650304,3,http://www.railway.gov.tw/tra-tip-web/tip/tip00H/tipH41/viewStaInfo/7180
TRA-7190,7190,"{'Zh_tw': '宜蘭', 'En': 'Yilan'}","{'PositionLon': 121.75791, 'PositionLat': 24.75462}",26043宜蘭縣宜蘭市和睦里光復路 1 號,03-9323801,1,http://www.railway.gov.tw/tra-tip-web/tip/tip00H/tipH41/viewStaInfo/7190
TRA-7200,7200,"{'Zh_tw': '四城', 'En': 'Sicheng'}","{'PositionLon': 121.76268, 'PositionLat': 24.78684}",26245宜蘭縣礁溪鄉吳沙村站前路 24 號,03-9282449,4,http://www.railway.gov.tw/tra-tip-web/tip/tip00H/tipH41/viewStaInfo/7200
TRA-7210,7210,"{'Zh_tw': '礁溪', 'En': 'Jiaoxi'}","{'PositionLon': 121.77523, 'PositionLat': 24.82705}",26248宜蘭縣礁溪鄉德陽村溫泉路 1 號,03-9886940,3,http://www.railway.gov.tw/tra-tip-web/tip/tip00H/tipH41/viewStaInfo/7210
TRA-7220,7220,"{'Zh_tw': '頂埔', 'En': 'Dingpu'}","{'PositionLon': 121.80918, 'PositionLat': 24.84383}",26142宜蘭縣頭城鎮下埔里下埔路 4 之 8 號,03-9771429,5,http://www.railway.gov.tw/tra-tip-web/tip/tip00H/tipH41/viewStaInfo/7220
TRA-7230,7230,"{'Zh_tw': '頭城', 'En': 'Toucheng'}","{'PositionLon': 121.82253, 'PositionLat': 24.85898}",26146宜蘭縣頭城鎮纘祥路 59 號,03-9771429,2,http://www.railway.gov.tw/tra-tip-web/tip/tip00H/tipH41/viewStaInfo/7230
TRA-7240,7240,"{'Zh_tw': '外澳', 'En': ""Wai'ao""}","{'PositionLon': 121.84576, 'PositionLat': 24.88371}",261宜蘭縣頭城鎮濱海路二段 217 號,03-9771429,5,http://www.railway.gov.tw/tra-tip-web/tip/tip00H/tipH41/viewStaInfo/7240
TRA-7250,7250,"{'Zh_tw': '龜山', 'En': 'Guishan'}","{'PositionLon': 121.86889, 'PositionLat': 24.90486}",26144宜蘭縣頭城鎮更新里濱海路三段 261 號,03-9770351,4,http://www.railway.gov.tw/tra-tip-web/tip/tip00H/tipH41/viewStaInfo/7250
TRA-7260,7260,"{'Zh_tw': '大溪', 'En': 'Daxi'}","{'PositionLon': 121.88983, 'PositionLat': 24.93836}",26145宜蘭縣頭城鎮濱海路五段 63 號,03-9771429,5,http://www.railway.gov.tw/tra-tip-web/tip/tip00H/tipH41/viewStaInfo/7260
TRA-7270,7270,"{'Zh_tw': '大里', 'En': 'Dali'}","{'PositionLon': 121.92257, 'PositionLat': 24.96688}",26145宜蘭縣頭城鎮大里里濱海路六段 326 號,03-9781171,4,http://www.railway.gov.tw/tra-tip-web/tip/tip00H/tipH41/viewStaInfo/7270
TRA-7280,7280,"{'Zh_tw': '石城', 'En': 'Shicheng'}","{'PositionLon': 121.94507, 'PositionLat': 24.97832}",26145宜蘭縣頭城鎮濱海路七段 230 號,03-9771429,5,http://www.railway.gov.tw/tra-tip-web/tip/tip00H/tipH41/viewStaInfo/7280
TRA-7290,7290,"{'Zh_tw': '福隆', 'En': 'Fulong'}","{'PositionLon': 121.94471, 'PositionLat': 25.01598}",22841新北市貢寮區福隆里福隆街 2 號,02-24991800,3,http://www.railway.gov.tw/tra-tip-web/tip/tip00H/tipH41/viewStaInfo/7290
TRA-7300,7300,"{'Zh_tw': '貢寮', 'En': 'Gongliao'}","{'PositionLon': 121.90872, 'PositionLat': 25.02204}",22843新北市貢寮區貢寮里朝陽街 33 號,02-24941500,4,http://www.railway.gov.tw/tra-tip-web/tip/tip00H/tipH41/viewStaInfo/7300
TRA-7310,7310,"{'Zh_tw': '雙溪', 'En': 'Shuangxi'}","{'PositionLon': 121.86415, 'PositionLat': 25.03861}",22744新北市雙溪區新基里朝陽街 1 號,02-24932980,2,http://www.railway.gov.tw/tra-tip-web/tip/tip00H/tipH41/viewStaInfo/7310
TRA-7320,7320,"{'Zh_tw': '牡丹', 'En': 'Mudan'}","{'PositionLon': 121.84974, 'PositionLat': 25.05877}",22741新北市雙溪區牡丹里51號,02-24932980,5,http://www.railway.gov.tw/tra-tip-web/tip/tip00H/tipH41/viewStaInfo/7320
TRA-7330,7330,"{'Zh_tw': '三貂嶺', 'En': 'Sandiaoling'}","{'PositionLon': 121.82259, 'PositionLat': 25.06555}",22446新北市瑞芳區碩仁里魚寮路 1 號,02-24977896,3,http://www.railway.gov.tw/tra-tip-web/tip/tip00H/tipH41/viewStaInfo/7330
TRA-7331,7331,"{'Zh_tw': '大華', 'En': 'Dahua'}","{'PositionLon': 121.79751, 'PositionLat': 25.04993}",22643新北市平溪區南山里六分 12 之 1 號,02-24972033,5,http://www.railway.gov.tw/tra-tip-web/tip/tip00H/tipH41/viewStaInfo/7331
TRA-7332,7332,"{'Zh_tw': '十分', 'En': 'Shifen'}","{'PositionLon': 121.77514, 'PositionLat': 25.04111}",22643新北市平溪區十分里十分街 51 號,02-24958307,4,http://www.railway.gov.tw/tra-tip-web/tip/tip00H/tipH41/viewStaInfo/7332
TRA-7333,7333,"{'Zh_tw': '望古', 'En': 'Wanggu'}","{'PositionLon': 121.76349, 'PositionLat': 25.03445}",226新北市平溪區望古里 (無站房),02-24972033,5,http://www.railway.gov.tw/tra-tip-web/tip/tip00H/tipH41/viewStaInfo/7333
TRA-7334,7334,"{'Zh_tw': '嶺腳', 'En': 'Lingjiao'}","{'PositionLon': 121.74784, 'PositionLat': 25.03021}",22641新北市平溪區嶺腳里嶺腳寮 22 號,02-24972033,5,http://www.railway.gov.tw/tra-tip-web/tip/tip00H/tipH41/viewStaInfo/7334
TRA-7335,7335,"{'Zh_tw': '平溪', 'En': 'Pingxi'}","{'PositionLon': 121.73994, 'PositionLat': 25.02552}",22641新北市平溪區平溪里中華街 12 號,02-24972033,4,http://www.railway.gov.tw/tra-tip-web/tip/tip00H/tipH41/viewStaInfo/7335
TRA-7336,7336,"{'Zh_tw': '菁桐', 'En': 'Jingtong'}","{'PositionLon': 121.72394, 'PositionLat': 25.02384}",22642新北市平溪區菁桐里菁桐街 52 號,02-24972033,4,http://www.railway.gov.tw/tra-tip-web/tip/tip00H/tipH41/viewStaInfo/7336
TRA-7350,7350,"{'Zh_tw': '猴硐', 'En': 'Houtong'}","{'PositionLon': 121.82741, 'PositionLat': 25.08711}",22446新北市瑞芳區光復里柴寮路 70 號,02-24977747,3,http://www.railway.gov.tw/tra-tip-web/tip/tip00H/tipH41/viewStaInfo/7350
TRA-7360,7360,"{'Zh_tw': '瑞芳', 'En': 'Ruifang'}","{'PositionLon': 121.80596, 'PositionLat': 25.10861}",22441新北市瑞芳區龍潭里明燈路三段 82 號,02-24972033,1,http://www.railway.gov.tw/tra-tip-web/tip/tip00H/tipH41/viewStaInfo/7360
TRA-7361,7361,"{'Zh_tw': '海科館', 'En': 'Haikeguan'}","{'PositionLon': 121.79987, 'PositionLat': 25.13744}",2021基隆市中正區長潭里,02-24972033,5,http://www.railway.gov.tw/tra-tip-web/tip/tip00H/tipH41/viewStaInfo/7361
TRA-7362,7362,"{'Zh_tw': '八斗子', 'En': 'Badouzi'}","{'PositionLon': 121.80411, 'PositionLat': 25.13481}",202基隆市中正區砂子里省道臺 2 線 (與新北市瑞芳區交界處、無站房),02-24972033,5,http://www.railway.gov.tw/tra-tip-web/tip/tip00H/tipH41/viewStaInfo/7362
TRA-7380,7380,"{'Zh_tw': '四腳亭', 'En': 'Sijiaoting'}","{'PositionLon': 121.76192, 'PositionLat': 25.10281}",22449新北市瑞芳區吉慶里中央路 65 號,02-24579346,3,http://www.railway.gov.tw/tra-tip-web/tip/tip00H/tipH41/viewStaInfo/7380
TRA-7390,7390,"{'Zh_tw': '暖暖', 'En': 'Nuannuan'}","{'PositionLon': 121.74048, 'PositionLat': 25.10224}",205基隆市暖暖區暖暖里暖暖街 51 號,02-24972033,5,http://www.railway.gov.tw/tra-tip-web/tip/tip00H/tipH41/viewStaInfo/7390
